0.25,0
0.5,0
0.75,0
1,0
1.25,0
1.5,0
1.75,0
2,0
2.25,0
2.5,0
2.75,0
3,0
3.25,0
3.5,0
3.75,0
4,0
4.25,0
4.5,0
4.75,0
5,0
5.25,0
5.5,0
5.75,0
6,0
6.25,0
6.5,0
6.75,0
7,0
7.25,0
7.5,0
7.75,0
8,0
8.25,0
8.5,0
8.75,0
9,0
9.25,0
9.5,0
9.75,0
10,0
10.25,0
10.5,0
10.75,0
11,0
11.25,0
11.5,0
11.75,0
12,0
12.25,0
12.5,0
12.75,0
13,0
13.25,0
13.5,0
13.75,0
14,0
14.25,0
14.5,0
14.75,0
15,0
15.25,0
15.5,0
15.75,0
16,0
16.25,0
16.5,0
16.75,0
17,0
17.25,0
17.5,0
17.75,0
18,0
18.25,0
18.5,0
18.75,0
19,0
19.25,0
19.5,0
19.75,0
20,0
20.25,0
20.5,0
20.75,0
21,0
21.25,0
21.5,0
21.75,0
22,0
22.25,0
22.5,0
22.75,0
23,0
23.25,0
23.5,0
23.75,0
24,0
24.25,0
24.5,0
24.75,0
25,0
25.25,0
25.5,0
25.75,0
26,0
26.25,0
26.5,0
26.75,0
27,0
27.25,0
27.5,0
27.75,0
28,0
28.25,0
28.5,0
28.75,0
29,0
29.25,0
29.5,0
29.75,0
0,0.25
0.25,0.25
0.5,0.25
0.75,0.25
1,0.25
1.25,0.25
1.5,0.25
1.75,0.25
2,0.25
2.25,0.25
2.5,0.25
2.75,0.25
3,0.25
3.25,0.25
3.5,0.25
3.75,0.25
4,0.25
4.25,0.25
4.5,0.25
4.75,0.25
5,0.25
5.25,0.25
5.5,0.25
5.75,0.25
6,0.25
6.25,0.25
6.5,0.25
6.75,0.25
7,0.25
7.25,0.25
7.5,0.25
7.75,0.25
8,0.25
8.25,0.25
8.5,0.25
8.75,0.25
9,0.25
9.25,0.25
9.5,0.25
9.75,0.25
10,0.25
10.25,0.25
10.5,0.25
10.75,0.25
11,0.25
11.25,0.25
11.5,0.25
11.75,0.25
12,0.25
12.25,0.25
12.5,0.25
12.75,0.25
13,0.25
13.25,0.25
13.5,0.25
13.75,0.25
14,0.25
14.25,0.25
14.5,0.25
14.75,0.25
15,0.25
15.25,0.25
15.5,0.25
15.75,0.25
16,0.25
16.25,0.25
16.5,0.25
16.75,0.25
17,0.25
17.25,0.25
17.5,0.25
17.75,0.25
18,0.25
18.25,0.25
18.5,0.25
18.75,0.25
19,0.25
19.25,0.25
19.5,0.25
19.75,0.25
20,0.25
20.25,0.25
20.5,0.25
20.75,0.25
21,0.25
21.25,0.25
21.5,0.25
21.75,0.25
22,0.25
22.25,0.25
22.5,0.25
22.75,0.25
23,0.25
23.25,0.25
23.5,0.25
23.75,0.25
24,0.25
24.25,0.25
24.5,0.25
24.75,0.25
25,0.25
25.25,0.25
25.5,0.25
25.75,0.25
26,0.25
26.25,0.25
26.5,0.25
26.75,0.25
27,0.25
27.25,0.25
27.5,0.25
27.75,0.25
28,0.25
28.25,0.25
28.5,0.25
28.75,0.25
29,0.25
29.25,0.25
29.5,0.25
29.75,0.25
30,0.25
0,0.5
0.25,0.5
0.5,0.5
0.75,0.5
1,0.5
1.25,0.5
1.5,0.5
1.75,0.5
2,0.5
2.25,0.5
2.5,0.5
2.75,0.5
3,0.5
3.25,0.5
3.5,0.5
3.75,0.5
4,0.5
4.25,0.5
4.5,0.5
4.75,0.5
5,0.5
5.25,0.5
5.5,0.5
5.75,0.5
6,0.5
6.25,0.5
6.5,0.5
6.75,0.5
7,0.5
7.25,0.5
7.5,0.5
7.75,0.5
8,0.5
8.25,0.5
8.5,0.5
8.75,0.5
9,0.5
9.25,0.5
9.5,0.5
9.75,0.5
10,0.5
10.25,0.5
10.5,0.5
10.75,0.5
11,0.5
11.25,0.5
11.5,0.5
11.75,0.5
12,0.5
12.25,0.5
12.5,0.5
12.75,0.5
13,0.5
13.25,0.5
13.5,0.5
13.75,0.5
14,0.5
14.25,0.5
14.5,0.5
14.75,0.5
15,0.5
15.25,0.5
15.5,0.5
15.75,0.5
16,0.5
16.25,0.5
16.5,0.5
16.75,0.5
17,0.5
17.25,0.5
17.5,0.5
17.75,0.5
18,0.5
18.25,0.5
18.5,0.5
18.75,0.5
19,0.5
19.25,0.5
19.5,0.5
19.75,0.5
20,0.5
20.25,0.5
20.5,0.5
20.75,0.5
21,0.5
21.25,0.5
21.5,0.5
21.75,0.5
22,0.5
22.25,0.5
22.5,0.5
22.75,0.5
23,0.5
23.25,0.5
23.5,0.5
23.75,0.5
24,0.5
24.25,0.5
24.5,0.5
24.75,0.5
25,0.5
25.25,0.5
25.5,0.5
25.75,0.5
26,0.5
26.25,0.5
26.5,0.5
26.75,0.5
27,0.5
27.25,0.5
27.5,0.5
27.75,0.5
28,0.5
28.25,0.5
28.5,0.5
28.75,0.5
29,0.5
29.25,0.5
29.5,0.5
29.75,0.5
30,0.5
0,0.75
0.25,0.75
0.5,0.75
0.75,0.75
1,0.75
1.25,0.75
1.5,0.75
1.75,0.75
2,0.75
2.25,0.75
2.5,0.75
2.75,0.75
3,0.75
3.25,0.75
3.5,0.75
3.75,0.75
4,0.75
4.25,0.75
4.5,0.75
4.75,0.75
5,0.75
5.25,0.75
5.5,0.75
5.75,0.75
6,0.75
6.25,0.75
6.5,0.75
6.75,0.75
7,0.75
7.25,0.75
7.5,0.75
7.75,0.75
8,0.75
8.25,0.75
8.5,0.75
8.75,0.75
9,0.75
9.25,0.75
9.5,0.75
9.75,0.75
10,0.75
10.25,0.75
10.5,0.75
10.75,0.75
11,0.75
11.25,0.75
11.5,0.75
11.75,0.75
12,0.75
12.25,0.75
12.5,0.75
12.75,0.75
13,0.75
13.25,0.75
13.5,0.75
13.75,0.75
14,0.75
14.25,0.75
14.5,0.75
14.75,0.75
15,0.75
15.25,0.75
15.5,0.75
15.75,0.75
16,0.75
16.25,0.75
16.5,0.75
16.75,0.75
17,0.75
17.25,0.75
17.5,0.75
17.75,0.75
18,0.75
18.25,0.75
18.5,0.75
18.75,0.75
19,0.75
19.25,0.75
19.5,0.75
19.75,0.75
20,0.75
20.25,0.75
20.5,0.75
20.75,0.75
21,0.75
21.25,0.75
21.5,0.75
21.75,0.75
22,0.75
22.25,0.75
22.5,0.75
22.75,0.75
23,0.75
23.25,0.75
23.5,0.75
23.75,0.75
24,0.75
24.25,0.75
24.5,0.75
24.75,0.75
25,0.75
25.25,0.75
25.5,0.75
25.75,0.75
26,0.75
26.25,0.75
26.5,0.75
26.75,0.75
27,0.75
27.25,0.75
27.5,0.75
27.75,0.75
28,0.75
28.25,0.75
28.5,0.75
28.75,0.75
29,0.75
29.25,0.75
29.5,0.75
29.75,0.75
30,0.75
0,1
0.25,1
0.5,1
0.75,1
1,1
1.25,1
1.5,1
1.75,1
2,1
2.25,1
2.5,1
2.75,1
3,1
3.25,1
3.5,1
3.75,1
4,1
4.25,1
4.5,1
4.75,1
5,1
5.25,1
5.5,1
5.75,1
6,1
6.25,1
6.5,1
6.75,1
7,1
7.25,1
7.5,1
7.75,1
8,1
8.25,1
8.5,1
8.75,1
9,1
9.25,1
9.5,1
9.75,1
10,1
10.25,1
10.5,1
10.75,1
11,1
11.25,1
11.5,1
11.75,1
12,1
12.25,1
12.5,1
12.75,1
13,1
13.25,1
13.5,1
13.75,1
14,1
14.25,1
14.5,1
14.75,1
15,1
15.25,1
15.5,1
15.75,1
16,1
16.25,1
16.5,1
16.75,1
17,1
17.25,1
17.5,1
17.75,1
18,1
18.25,1
18.5,1
18.75,1
19,1
19.25,1
19.5,1
19.75,1
20,1
20.25,1
20.5,1
20.75,1
21,1
21.25,1
21.5,1
21.75,1
22,1
22.25,1
22.5,1
22.75,1
23,1
23.25,1
23.5,1
23.75,1
24,1
24.25,1
24.5,1
24.75,1
25,1
25.25,1
25.5,1
25.75,1
26,1
26.25,1
26.5,1
26.75,1
27,1
27.25,1
27.5,1
27.75,1
28,1
28.25,1
28.5,1
28.75,1
29,1
29.25,1
29.5,1
29.75,1
30,1
0,1.25
0.25,1.25
0.5,1.25
0.75,1.25
1,1.25
1.25,1.25
1.5,1.25
1.75,1.25
2,1.25
2.25,1.25
2.5,1.25
2.75,1.25
3,1.25
3.25,1.25
3.5,1.25
3.75,1.25
4,1.25
4.25,1.25
4.5,1.25
4.75,1.25
5,1.25
5.25,1.25
5.5,1.25
5.75,1.25
6,1.25
6.25,1.25
6.5,1.25
6.75,1.25
7,1.25
7.25,1.25
7.5,1.25
7.75,1.25
8,1.25
8.25,1.25
8.5,1.25
8.75,1.25
9,1.25
9.25,1.25
9.5,1.25
9.75,1.25
10,1.25
10.25,1.25
10.5,1.25
10.75,1.25
11,1.25
11.25,1.25
11.5,1.25
11.75,1.25
12,1.25
12.25,1.25
12.5,1.25
12.75,1.25
13,1.25
13.25,1.25
13.5,1.25
13.75,1.25
14,1.25
14.25,1.25
14.5,1.25
14.75,1.25
15,1.25
15.25,1.25
15.5,1.25
15.75,1.25
16,1.25
16.25,1.25
16.5,1.25
16.75,1.25
17,1.25
17.25,1.25
17.5,1.25
17.75,1.25
18,1.25
18.25,1.25
18.5,1.25
18.75,1.25
19,1.25
19.25,1.25
19.5,1.25
19.75,1.25
20,1.25
20.25,1.25
20.5,1.25
20.75,1.25
21,1.25
21.25,1.25
21.5,1.25
21.75,1.25
22,1.25
22.25,1.25
22.5,1.25
22.75,1.25
23,1.25
23.25,1.25
23.5,1.25
23.75,1.25
24,1.25
24.25,1.25
24.5,1.25
24.75,1.25
25,1.25
25.25,1.25
25.5,1.25
25.75,1.25
26,1.25
26.25,1.25
26.5,1.25
26.75,1.25
27,1.25
27.25,1.25
27.5,1.25
27.75,1.25
28,1.25
28.25,1.25
28.5,1.25
28.75,1.25
29,1.25
29.25,1.25
29.5,1.25
29.75,1.25
30,1.25
0,1.5
0.25,1.5
0.5,1.5
0.75,1.5
1,1.5
1.25,1.5
1.5,1.5
1.75,1.5
2,1.5
2.25,1.5
2.5,1.5
2.75,1.5
3,1.5
3.25,1.5
3.5,1.5
3.75,1.5
4,1.5
4.25,1.5
4.5,1.5
4.75,1.5
5,1.5
5.25,1.5
5.5,1.5
5.75,1.5
6,1.5
6.25,1.5
6.5,1.5
6.75,1.5
7,1.5
7.25,1.5
7.5,1.5
7.75,1.5
8,1.5
8.25,1.5
8.5,1.5
8.75,1.5
9,1.5
9.25,1.5
9.5,1.5
9.75,1.5
10,1.5
10.25,1.5
10.5,1.5
10.75,1.5
11,1.5
11.25,1.5
11.5,1.5
11.75,1.5
12,1.5
12.25,1.5
12.5,1.5
12.75,1.5
13,1.5
13.25,1.5
13.5,1.5
13.75,1.5
14,1.5
14.25,1.5
14.5,1.5
14.75,1.5
15,1.5
15.25,1.5
15.5,1.5
15.75,1.5
16,1.5
16.25,1.5
16.5,1.5
16.75,1.5
17,1.5
17.25,1.5
17.5,1.5
17.75,1.5
18,1.5
18.25,1.5
18.5,1.5
18.75,1.5
19,1.5
19.25,1.5
19.5,1.5
19.75,1.5
20,1.5
20.25,1.5
20.5,1.5
20.75,1.5
21,1.5
21.25,1.5
21.5,1.5
21.75,1.5
22,1.5
22.25,1.5
22.5,1.5
22.75,1.5
23,1.5
23.25,1.5
23.5,1.5
23.75,1.5
24,1.5
24.25,1.5
24.5,1.5
24.75,1.5
25,1.5
25.25,1.5
25.5,1.5
25.75,1.5
26,1.5
26.25,1.5
26.5,1.5
26.75,1.5
27,1.5
27.25,1.5
27.5,1.5
27.75,1.5
28,1.5
28.25,1.5
28.5,1.5
28.75,1.5
29,1.5
29.25,1.5
29.5,1.5
29.75,1.5
30,1.5
0,1.75
0.25,1.75
0.5,1.75
0.75,1.75
1,1.75
1.25,1.75
1.5,1.75
1.75,1.75
2,1.75
2.25,1.75
2.5,1.75
2.75,1.75
3,1.75
3.25,1.75
3.5,1.75
3.75,1.75
4,1.75
4.25,1.75
4.5,1.75
4.75,1.75
5,1.75
5.25,1.75
5.5,1.75
5.75,1.75
6,1.75
6.25,1.75
6.5,1.75
6.75,1.75
7,1.75
7.25,1.75
7.5,1.75
7.75,1.75
8,1.75
8.25,1.75
8.5,1.75
8.75,1.75
9,1.75
9.25,1.75
9.5,1.75
9.75,1.75
10,1.75
10.25,1.75
10.5,1.75
10.75,1.75
11,1.75
11.25,1.75
11.5,1.75
11.75,1.75
12,1.75
12.25,1.75
12.5,1.75
12.75,1.75
13,1.75
13.25,1.75
13.5,1.75
13.75,1.75
14,1.75
14.25,1.75
14.5,1.75
14.75,1.75
15,1.75
15.25,1.75
15.5,1.75
15.75,1.75
16,1.75
16.25,1.75
16.5,1.75
16.75,1.75
17,1.75
17.25,1.75
17.5,1.75
17.75,1.75
18,1.75
18.25,1.75
18.5,1.75
18.75,1.75
19,1.75
19.25,1.75
19.5,1.75
19.75,1.75
20,1.75
20.25,1.75
20.5,1.75
20.75,1.75
21,1.75
21.25,1.75
21.5,1.75
21.75,1.75
22,1.75
22.25,1.75
22.5,1.75
22.75,1.75
23,1.75
23.25,1.75
23.5,1.75
23.75,1.75
24,1.75
24.25,1.75
24.5,1.75
24.75,1.75
25,1.75
25.25,1.75
25.5,1.75
25.75,1.75
26,1.75
26.25,1.75
26.5,1.75
26.75,1.75
27,1.75
27.25,1.75
27.5,1.75
27.75,1.75
28,1.75
28.25,1.75
28.5,1.75
28.75,1.75
29,1.75
29.25,1.75
29.5,1.75
29.75,1.75
30,1.75
0,2
0.25,2
0.5,2
0.75,2
1,2
1.25,2
1.5,2
1.75,2
2,2
2.25,2
2.5,2
2.75,2
3,2
3.25,2
3.5,2
3.75,2
4,2
4.25,2
4.5,2
4.75,2
5,2
5.25,2
5.5,2
5.75,2
6,2
6.25,2
6.5,2
6.75,2
7,2
7.25,2
7.5,2
7.75,2
8,2
8.25,2
8.5,2
8.75,2
9,2
9.25,2
9.5,2
9.75,2
10,2
10.25,2
10.5,2
10.75,2
11,2
11.25,2
11.5,2
11.75,2
12,2
12.25,2
12.5,2
12.75,2
13,2
13.25,2
13.5,2
13.75,2
14,2
14.25,2
14.5,2
14.75,2
15,2
15.25,2
15.5,2
15.75,2
16,2
16.25,2
16.5,2
16.75,2
17,2
17.25,2
17.5,2
17.75,2
18,2
18.25,2
18.5,2
18.75,2
19,2
19.25,2
19.5,2
19.75,2
20,2
20.25,2
20.5,2
20.75,2
21,2
21.25,2
21.5,2
21.75,2
22,2
22.25,2
22.5,2
22.75,2
23,2
23.25,2
23.5,2
23.75,2
24,2
24.25,2
24.5,2
24.75,2
25,2
25.25,2
25.5,2
25.75,2
26,2
26.25,2
26.5,2
26.75,2
27,2
27.25,2
27.5,2
27.75,2
28,2
28.25,2
28.5,2
28.75,2
29,2
29.25,2
29.5,2
29.75,2
30,2
0,2.25
0.25,2.25
0.5,2.25
0.75,2.25
1,2.25
1.25,2.25
1.5,2.25
1.75,2.25
2,2.25
2.25,2.25
2.5,2.25
2.75,2.25
3,2.25
3.25,2.25
3.5,2.25
3.75,2.25
4,2.25
4.25,2.25
4.5,2.25
4.75,2.25
5,2.25
5.25,2.25
5.5,2.25
5.75,2.25
6,2.25
6.25,2.25
6.5,2.25
6.75,2.25
7,2.25
7.25,2.25
7.5,2.25
7.75,2.25
8,2.25
8.25,2.25
8.5,2.25
8.75,2.25
9,2.25
9.25,2.25
9.5,2.25
9.75,2.25
10,2.25
10.25,2.25
10.5,2.25
10.75,2.25
11,2.25
11.25,2.25
11.5,2.25
11.75,2.25
12,2.25
12.25,2.25
12.5,2.25
12.75,2.25
13,2.25
13.25,2.25
13.5,2.25
13.75,2.25
14,2.25
14.25,2.25
14.5,2.25
14.75,2.25
15,2.25
15.25,2.25
15.5,2.25
15.75,2.25
16,2.25
16.25,2.25
16.5,2.25
16.75,2.25
17,2.25
17.25,2.25
17.5,2.25
17.75,2.25
18,2.25
18.25,2.25
18.5,2.25
18.75,2.25
19,2.25
19.25,2.25
19.5,2.25
19.75,2.25
20,2.25
20.25,2.25
20.5,2.25
20.75,2.25
21,2.25
21.25,2.25
21.5,2.25
21.75,2.25
22,2.25
22.25,2.25
22.5,2.25
22.75,2.25
23,2.25
23.25,2.25
23.5,2.25
23.75,2.25
24,2.25
24.25,2.25
24.5,2.25
24.75,2.25
25,2.25
25.25,2.25
25.5,2.25
25.75,2.25
26,2.25
26.25,2.25
26.5,2.25
26.75,2.25
27,2.25
27.25,2.25
27.5,2.25
27.75,2.25
28,2.25
28.25,2.25
28.5,2.25
28.75,2.25
29,2.25
29.25,2.25
29.5,2.25
29.75,2.25
30,2.25
0,2.5
0.25,2.5
0.5,2.5
0.75,2.5
1,2.5
1.25,2.5
1.5,2.5
1.75,2.5
2,2.5
2.25,2.5
2.5,2.5
2.75,2.5
3,2.5
3.25,2.5
3.5,2.5
3.75,2.5
4,2.5
4.25,2.5
4.5,2.5
4.75,2.5
5,2.5
5.25,2.5
5.5,2.5
5.75,2.5
6,2.5
6.25,2.5
6.5,2.5
6.75,2.5
7,2.5
7.25,2.5
7.5,2.5
7.75,2.5
8,2.5
8.25,2.5
8.5,2.5
8.75,2.5
9,2.5
9.25,2.5
9.5,2.5
9.75,2.5
10,2.5
10.25,2.5
10.5,2.5
10.75,2.5
11,2.5
11.25,2.5
11.5,2.5
11.75,2.5
12,2.5
12.25,2.5
12.5,2.5
12.75,2.5
13,2.5
13.25,2.5
13.5,2.5
13.75,2.5
14,2.5
14.25,2.5
14.5,2.5
14.75,2.5
15,2.5
15.25,2.5
15.5,2.5
15.75,2.5
16,2.5
16.25,2.5
16.5,2.5
16.75,2.5
17,2.5
17.25,2.5
17.5,2.5
17.75,2.5
18,2.5
18.25,2.5
18.5,2.5
18.75,2.5
19,2.5
19.25,2.5
19.5,2.5
19.75,2.5
20,2.5
20.25,2.5
20.5,2.5
20.75,2.5
21,2.5
21.25,2.5
21.5,2.5
21.75,2.5
22,2.5
22.25,2.5
22.5,2.5
22.75,2.5
23,2.5
23.25,2.5
23.5,2.5
23.75,2.5
24,2.5
24.25,2.5
24.5,2.5
24.75,2.5
25,2.5
25.25,2.5
25.5,2.5
25.75,2.5
26,2.5
26.25,2.5
26.5,2.5
26.75,2.5
27,2.5
27.25,2.5
27.5,2.5
27.75,2.5
28,2.5
28.25,2.5
28.5,2.5
28.75,2.5
29,2.5
29.25,2.5
29.5,2.5
29.75,2.5
30,2.5
0,2.75
0.25,2.75
0.5,2.75
0.75,2.75
1,2.75
1.25,2.75
1.5,2.75
1.75,2.75
2,2.75
2.25,2.75
2.5,2.75
2.75,2.75
3,2.75
3.25,2.75
3.5,2.75
3.75,2.75
4,2.75
4.25,2.75
4.5,2.75
4.75,2.75
5,2.75
5.25,2.75
5.5,2.75
5.75,2.75
6,2.75
6.25,2.75
6.5,2.75
6.75,2.75
7,2.75
7.25,2.75
7.5,2.75
7.75,2.75
8,2.75
8.25,2.75
8.5,2.75
8.75,2.75
9,2.75
9.25,2.75
9.5,2.75
9.75,2.75
10,2.75
10.25,2.75
10.5,2.75
10.75,2.75
11,2.75
11.25,2.75
11.5,2.75
11.75,2.75
12,2.75
12.25,2.75
12.5,2.75
12.75,2.75
13,2.75
13.25,2.75
13.5,2.75
13.75,2.75
14,2.75
14.25,2.75
14.5,2.75
14.75,2.75
15,2.75
15.25,2.75
15.5,2.75
15.75,2.75
16,2.75
16.25,2.75
16.5,2.75
16.75,2.75
17,2.75
17.25,2.75
17.5,2.75
17.75,2.75
18,2.75
18.25,2.75
18.5,2.75
18.75,2.75
19,2.75
19.25,2.75
19.5,2.75
19.75,2.75
20,2.75
20.25,2.75
20.5,2.75
20.75,2.75
21,2.75
21.25,2.75
21.5,2.75
21.75,2.75
22,2.75
22.25,2.75
22.5,2.75
22.75,2.75
23,2.75
23.25,2.75
23.5,2.75
23.75,2.75
24,2.75
24.25,2.75
24.5,2.75
24.75,2.75
25,2.75
25.25,2.75
25.5,2.75
25.75,2.75
26,2.75
26.25,2.75
26.5,2.75
26.75,2.75
27,2.75
27.25,2.75
27.5,2.75
27.75,2.75
28,2.75
28.25,2.75
28.5,2.75
28.75,2.75
29,2.75
29.25,2.75
29.5,2.75
29.75,2.75
30,2.75
0,3
0.25,3
0.5,3
0.75,3
1,3
1.25,3
1.5,3
1.75,3
2,3
2.25,3
2.5,3
2.75,3
3,3
3.25,3
3.5,3
3.75,3
4,3
4.25,3
4.5,3
4.75,3
5,3
5.25,3
5.5,3
5.75,3
6,3
6.25,3
6.5,3
6.75,3
7,3
7.25,3
7.5,3
7.75,3
8,3
8.25,3
8.5,3
8.75,3
9,3
9.25,3
9.5,3
9.75,3
10,3
10.25,3
10.5,3
10.75,3
11,3
11.25,3
11.5,3
11.75,3
12,3
12.25,3
12.5,3
12.75,3
13,3
13.25,3
13.5,3
13.75,3
14,3
14.25,3
14.5,3
14.75,3
15,3
15.25,3
15.5,3
15.75,3
16,3
16.25,3
16.5,3
16.75,3
17,3
17.25,3
17.5,3
17.75,3
18,3
18.25,3
18.5,3
18.75,3
19,3
19.25,3
19.5,3
19.75,3
20,3
20.25,3
20.5,3
20.75,3
21,3
21.25,3
21.5,3
21.75,3
22,3
22.25,3
22.5,3
22.75,3
23,3
23.25,3
23.5,3
23.75,3
24,3
24.25,3
24.5,3
24.75,3
25,3
25.25,3
25.5,3
25.75,3
26,3
26.25,3
26.5,3
26.75,3
27,3
27.25,3
27.5,3
27.75,3
28,3
28.25,3
28.5,3
28.75,3
29,3
29.25,3
29.5,3
29.75,3
30,3
0,3.25
0.25,3.25
0.5,3.25
0.75,3.25
1,3.25
1.25,3.25
1.5,3.25
1.75,3.25
2,3.25
2.25,3.25
2.5,3.25
2.75,3.25
3,3.25
3.25,3.25
3.5,3.25
3.75,3.25
4,3.25
4.25,3.25
4.5,3.25
4.75,3.25
5,3.25
5.25,3.25
5.5,3.25
5.75,3.25
6,3.25
6.25,3.25
6.5,3.25
6.75,3.25
7,3.25
7.25,3.25
7.5,3.25
7.75,3.25
8,3.25
8.25,3.25
8.5,3.25
8.75,3.25
9,3.25
9.25,3.25
9.5,3.25
9.75,3.25
10,3.25
10.25,3.25
10.5,3.25
10.75,3.25
11,3.25
11.25,3.25
11.5,3.25
11.75,3.25
12,3.25
12.25,3.25
12.5,3.25
12.75,3.25
13,3.25
13.25,3.25
13.5,3.25
13.75,3.25
14,3.25
14.25,3.25
14.5,3.25
14.75,3.25
15,3.25
15.25,3.25
15.5,3.25
15.75,3.25
16,3.25
16.25,3.25
16.5,3.25
16.75,3.25
17,3.25
17.25,3.25
17.5,3.25
17.75,3.25
18,3.25
18.25,3.25
18.5,3.25
18.75,3.25
19,3.25
19.25,3.25
19.5,3.25
19.75,3.25
20,3.25
20.25,3.25
20.5,3.25
20.75,3.25
21,3.25
21.25,3.25
21.5,3.25
21.75,3.25
22,3.25
22.25,3.25
22.5,3.25
22.75,3.25
23,3.25
23.25,3.25
23.5,3.25
23.75,3.25
24,3.25
24.25,3.25
24.5,3.25
24.75,3.25
25,3.25
25.25,3.25
25.5,3.25
25.75,3.25
26,3.25
26.25,3.25
26.5,3.25
26.75,3.25
27,3.25
27.25,3.25
27.5,3.25
27.75,3.25
28,3.25
28.25,3.25
28.5,3.25
28.75,3.25
29,3.25
29.25,3.25
29.5,3.25
29.75,3.25
30,3.25
0,3.5
0.25,3.5
0.5,3.5
0.75,3.5
1,3.5
1.25,3.5
1.5,3.5
1.75,3.5
2,3.5
2.25,3.5
2.5,3.5
2.75,3.5
3,3.5
3.25,3.5
3.5,3.5
3.75,3.5
4,3.5
4.25,3.5
4.5,3.5
4.75,3.5
5,3.5
5.25,3.5
5.5,3.5
5.75,3.5
6,3.5
6.25,3.5
6.5,3.5
6.75,3.5
7,3.5
7.25,3.5
7.5,3.5
7.75,3.5
8,3.5
8.25,3.5
8.5,3.5
8.75,3.5
9,3.5
9.25,3.5
9.5,3.5
9.75,3.5
10,3.5
10.25,3.5
10.5,3.5
10.75,3.5
11,3.5
11.25,3.5
11.5,3.5
11.75,3.5
12,3.5
12.25,3.5
12.5,3.5
12.75,3.5
13,3.5
13.25,3.5
13.5,3.5
13.75,3.5
14,3.5
14.25,3.5
14.5,3.5
14.75,3.5
15,3.5
15.25,3.5
15.5,3.5
15.75,3.5
16,3.5
16.25,3.5
16.5,3.5
16.75,3.5
17,3.5
17.25,3.5
17.5,3.5
17.75,3.5
18,3.5
18.25,3.5
18.5,3.5
18.75,3.5
19,3.5
19.25,3.5
19.5,3.5
19.75,3.5
20,3.5
20.25,3.5
20.5,3.5
20.75,3.5
21,3.5
21.25,3.5
21.5,3.5
21.75,3.5
22,3.5
22.25,3.5
22.5,3.5
22.75,3.5
23,3.5
23.25,3.5
23.5,3.5
23.75,3.5
24,3.5
24.25,3.5
24.5,3.5
24.75,3.5
25,3.5
25.25,3.5
25.5,3.5
25.75,3.5
26,3.5
26.25,3.5
26.5,3.5
26.75,3.5
27,3.5
27.25,3.5
27.5,3.5
27.75,3.5
28,3.5
28.25,3.5
28.5,3.5
28.75,3.5
29,3.5
29.25,3.5
29.5,3.5
29.75,3.5
30,3.5
0,3.75
0.25,3.75
0.5,3.75
0.75,3.75
1,3.75
1.25,3.75
1.5,3.75
1.75,3.75
2,3.75
2.25,3.75
2.5,3.75
2.75,3.75
3,3.75
3.25,3.75
3.5,3.75
3.75,3.75
4,3.75
4.25,3.75
4.5,3.75
4.75,3.75
5,3.75
5.25,3.75
5.5,3.75
5.75,3.75
6,3.75
6.25,3.75
6.5,3.75
6.75,3.75
7,3.75
7.25,3.75
7.5,3.75
7.75,3.75
8,3.75
8.25,3.75
8.5,3.75
8.75,3.75
9,3.75
9.25,3.75
9.5,3.75
9.75,3.75
10,3.75
10.25,3.75
10.5,3.75
10.75,3.75
11,3.75
11.25,3.75
11.5,3.75
11.75,3.75
12,3.75
12.25,3.75
12.5,3.75
12.75,3.75
13,3.75
13.25,3.75
13.5,3.75
13.75,3.75
14,3.75
14.25,3.75
14.5,3.75
14.75,3.75
15,3.75
15.25,3.75
15.5,3.75
15.75,3.75
16,3.75
16.25,3.75
16.5,3.75
16.75,3.75
17,3.75
17.25,3.75
17.5,3.75
17.75,3.75
18,3.75
18.25,3.75
18.5,3.75
18.75,3.75
19,3.75
19.25,3.75
19.5,3.75
19.75,3.75
20,3.75
20.25,3.75
20.5,3.75
20.75,3.75
21,3.75
21.25,3.75
21.5,3.75
21.75,3.75
22,3.75
22.25,3.75
22.5,3.75
22.75,3.75
23,3.75
23.25,3.75
23.5,3.75
23.75,3.75
24,3.75
24.25,3.75
24.5,3.75
24.75,3.75
25,3.75
25.25,3.75
25.5,3.75
25.75,3.75
26,3.75
26.25,3.75
26.5,3.75
26.75,3.75
27,3.75
27.25,3.75
27.5,3.75
27.75,3.75
28,3.75
28.25,3.75
28.5,3.75
28.75,3.75
29,3.75
29.25,3.75
29.5,3.75
29.75,3.75
30,3.75
0,4
0.25,4
0.5,4
0.75,4
1,4
1.25,4
1.5,4
1.75,4
2,4
2.25,4
2.5,4
2.75,4
3,4
3.25,4
3.5,4
3.75,4
4,4
4.25,4
4.5,4
4.75,4
5,4
5.25,4
5.5,4
5.75,4
6,4
6.25,4
6.5,4
6.75,4
7,4
7.25,4
7.5,4
7.75,4
8,4
8.25,4
8.5,4
8.75,4
9,4
9.25,4
9.5,4
9.75,4
10,4
10.25,4
10.5,4
10.75,4
11,4
11.25,4
11.5,4
11.75,4
12,4
12.25,4
12.5,4
12.75,4
13,4
13.25,4
13.5,4
13.75,4
14,4
14.25,4
14.5,4
14.75,4
15,4
15.25,4
15.5,4
15.75,4
16,4
16.25,4
16.5,4
16.75,4
17,4
17.25,4
17.5,4
17.75,4
18,4
18.25,4
18.5,4
18.75,4
19,4
19.25,4
19.5,4
19.75,4
20,4
20.25,4
20.5,4
20.75,4
21,4
21.25,4
21.5,4
21.75,4
22,4
22.25,4
22.5,4
22.75,4
23,4
23.25,4
23.5,4
23.75,4
24,4
24.25,4
24.5,4
24.75,4
25,4
25.25,4
25.5,4
25.75,4
26,4
26.25,4
26.5,4
26.75,4
27,4
27.25,4
27.5,4
27.75,4
28,4
28.25,4
28.5,4
28.75,4
29,4
29.25,4
29.5,4
29.75,4
30,4
0,4.25
0.25,4.25
0.5,4.25
0.75,4.25
1,4.25
1.25,4.25
1.5,4.25
1.75,4.25
2,4.25
2.25,4.25
2.5,4.25
2.75,4.25
3,4.25
3.25,4.25
3.5,4.25
3.75,4.25
4,4.25
4.25,4.25
4.5,4.25
4.75,4.25
5,4.25
5.25,4.25
5.5,4.25
5.75,4.25
6,4.25
6.25,4.25
6.5,4.25
6.75,4.25
7,4.25
7.25,4.25
7.5,4.25
7.75,4.25
8,4.25
8.25,4.25
8.5,4.25
8.75,4.25
9,4.25
9.25,4.25
9.5,4.25
9.75,4.25
10,4.25
10.25,4.25
10.5,4.25
10.75,4.25
11,4.25
11.25,4.25
11.5,4.25
11.75,4.25
12,4.25
12.25,4.25
12.5,4.25
12.75,4.25
13,4.25
13.25,4.25
13.5,4.25
13.75,4.25
14,4.25
14.25,4.25
14.5,4.25
14.75,4.25
15,4.25
15.25,4.25
15.5,4.25
15.75,4.25
16,4.25
16.25,4.25
16.5,4.25
16.75,4.25
17,4.25
17.25,4.25
17.5,4.25
17.75,4.25
18,4.25
18.25,4.25
18.5,4.25
18.75,4.25
19,4.25
19.25,4.25
19.5,4.25
19.75,4.25
20,4.25
20.25,4.25
20.5,4.25
20.75,4.25
21,4.25
21.25,4.25
21.5,4.25
21.75,4.25
22,4.25
22.25,4.25
22.5,4.25
22.75,4.25
23,4.25
23.25,4.25
23.5,4.25
23.75,4.25
24,4.25
24.25,4.25
24.5,4.25
24.75,4.25
25,4.25
25.25,4.25
25.5,4.25
25.75,4.25
26,4.25
26.25,4.25
26.5,4.25
26.75,4.25
27,4.25
27.25,4.25
27.5,4.25
27.75,4.25
28,4.25
28.25,4.25
28.5,4.25
28.75,4.25
29,4.25
29.25,4.25
29.5,4.25
29.75,4.25
30,4.25
0,4.5
0.25,4.5
0.5,4.5
0.75,4.5
1,4.5
1.25,4.5
1.5,4.5
1.75,4.5
2,4.5
2.25,4.5
2.5,4.5
2.75,4.5
3,4.5
3.25,4.5
3.5,4.5
3.75,4.5
4,4.5
4.25,4.5
4.5,4.5
4.75,4.5
5,4.5
5.25,4.5
5.5,4.5
5.75,4.5
6,4.5
6.25,4.5
6.5,4.5
6.75,4.5
7,4.5
7.25,4.5
7.5,4.5
7.75,4.5
8,4.5
8.25,4.5
8.5,4.5
8.75,4.5
9,4.5
9.25,4.5
9.5,4.5
9.75,4.5
10,4.5
10.25,4.5
10.5,4.5
10.75,4.5
11,4.5
11.25,4.5
11.5,4.5
11.75,4.5
12,4.5
12.25,4.5
12.5,4.5
12.75,4.5
13,4.5
13.25,4.5
13.5,4.5
13.75,4.5
14,4.5
14.25,4.5
14.5,4.5
14.75,4.5
15,4.5
15.25,4.5
15.5,4.5
15.75,4.5
16,4.5
16.25,4.5
16.5,4.5
16.75,4.5
17,4.5
17.25,4.5
17.5,4.5
17.75,4.5
18,4.5
18.25,4.5
18.5,4.5
18.75,4.5
19,4.5
19.25,4.5
19.5,4.5
19.75,4.5
20,4.5
20.25,4.5
20.5,4.5
20.75,4.5
21,4.5
21.25,4.5
21.5,4.5
21.75,4.5
22,4.5
22.25,4.5
22.5,4.5
22.75,4.5
23,4.5
23.25,4.5
23.5,4.5
23.75,4.5
24,4.5
24.25,4.5
24.5,4.5
24.75,4.5
25,4.5
25.25,4.5
25.5,4.5
25.75,4.5
26,4.5
26.25,4.5
26.5,4.5
26.75,4.5
27,4.5
27.25,4.5
27.5,4.5
27.75,4.5
28,4.5
28.25,4.5
28.5,4.5
28.75,4.5
29,4.5
29.25,4.5
29.5,4.5
29.75,4.5
30,4.5
0,4.75
0.25,4.75
0.5,4.75
0.75,4.75
1,4.75
1.25,4.75
1.5,4.75
1.75,4.75
2,4.75
2.25,4.75
2.5,4.75
2.75,4.75
3,4.75
3.25,4.75
3.5,4.75
3.75,4.75
4,4.75
4.25,4.75
4.5,4.75
4.75,4.75
5,4.75
5.25,4.75
5.5,4.75
5.75,4.75
6,4.75
6.25,4.75
6.5,4.75
6.75,4.75
7,4.75
7.25,4.75
7.5,4.75
7.75,4.75
8,4.75
8.25,4.75
8.5,4.75
8.75,4.75
9,4.75
9.25,4.75
9.5,4.75
9.75,4.75
10,4.75
10.25,4.75
10.5,4.75
10.75,4.75
11,4.75
11.25,4.75
11.5,4.75
11.75,4.75
12,4.75
12.25,4.75
12.5,4.75
12.75,4.75
13,4.75
13.25,4.75
13.5,4.75
13.75,4.75
14,4.75
14.25,4.75
14.5,4.75
14.75,4.75
15,4.75
15.25,4.75
15.5,4.75
15.75,4.75
16,4.75
16.25,4.75
16.5,4.75
16.75,4.75
17,4.75
17.25,4.75
17.5,4.75
17.75,4.75
18,4.75
18.25,4.75
18.5,4.75
18.75,4.75
19,4.75
19.25,4.75
19.5,4.75
19.75,4.75
20,4.75
20.25,4.75
20.5,4.75
20.75,4.75
21,4.75
21.25,4.75
21.5,4.75
21.75,4.75
22,4.75
22.25,4.75
22.5,4.75
22.75,4.75
23,4.75
23.25,4.75
23.5,4.75
23.75,4.75
24,4.75
24.25,4.75
24.5,4.75
24.75,4.75
25,4.75
25.25,4.75
25.5,4.75
25.75,4.75
26,4.75
26.25,4.75
26.5,4.75
26.75,4.75
27,4.75
27.25,4.75
27.5,4.75
27.75,4.75
28,4.75
28.25,4.75
28.5,4.75
28.75,4.75
29,4.75
29.25,4.75
29.5,4.75
29.75,4.75
30,4.75
0,5
0.25,5
0.5,5
0.75,5
1,5
1.25,5
1.5,5
1.75,5
2,5
2.25,5
2.5,5
2.75,5
3,5
3.25,5
3.5,5
3.75,5
4,5
4.25,5
4.5,5
4.75,5
5,5
5.25,5
5.5,5
5.75,5
6,5
6.25,5
6.5,5
6.75,5
7,5
7.25,5
7.5,5
7.75,5
8,5
8.25,5
8.5,5
8.75,5
9,5
9.25,5
9.5,5
9.75,5
10,5
10.25,5
10.5,5
10.75,5
11,5
11.25,5
11.5,5
11.75,5
12,5
12.25,5
12.5,5
12.75,5
13,5
13.25,5
13.5,5
13.75,5
14,5
14.25,5
14.5,5
15.5,5
15.75,5
16,5
16.25,5
16.5,5
16.75,5
17,5
17.25,5
17.5,5
17.75,5
18,5
18.25,5
18.5,5
18.75,5
19,5
19.25,5
19.5,5
19.75,5
20,5
20.25,5
20.5,5
20.75,5
21,5
21.25,5
21.5,5
21.75,5
22,5
22.25,5
22.5,5
22.75,5
23,5
23.25,5
23.5,5
23.75,5
24,5
24.25,5
24.5,5
24.75,5
25,5
25.25,5
25.5,5
25.75,5
26,5
26.25,5
26.5,5
26.75,5
27,5
27.25,5
27.5,5
27.75,5
28,5
28.25,5
28.5,5
28.75,5
29,5
29.25,5
29.5,5
29.75,5
30,5
0,5.25
0.25,5.25
0.5,5.25
0.75,5.25
1,5.25
1.25,5.25
1.5,5.25
1.75,5.25
2,5.25
2.25,5.25
2.5,5.25
2.75,5.25
3,5.25
3.25,5.25
3.5,5.25
3.75,5.25
4,5.25
4.25,5.25
4.5,5.25
4.75,5.25
5,5.25
5.25,5.25
5.5,5.25
5.75,5.25
6,5.25
6.25,5.25
6.5,5.25
6.75,5.25
7,5.25
7.25,5.25
7.5,5.25
7.75,5.25
8,5.25
8.25,5.25
8.5,5.25
8.75,5.25
9,5.25
9.25,5.25
9.5,5.25
9.75,5.25
10,5.25
10.25,5.25
10.5,5.25
10.75,5.25
11,5.25
11.25,5.25
11.5,5.25
11.75,5.25
12,5.25
12.25,5.25
12.5,5.25
12.75,5.25
13,5.25
13.25,5.25
13.5,5.25
13.75,5.25
14,5.25
14.25,5.25
15.75,5.25
16,5.25
16.25,5.25
16.5,5.25
16.75,5.25
17,5.25
17.25,5.25
17.5,5.25
17.75,5.25
18,5.25
18.25,5.25
18.5,5.25
18.75,5.25
19,5.25
19.25,5.25
19.5,5.25
19.75,5.25
20,5.25
20.25,5.25
20.5,5.25
20.75,5.25
21,5.25
21.25,5.25
21.5,5.25
21.75,5.25
22,5.25
22.25,5.25
22.5,5.25
22.75,5.25
23,5.25
23.25,5.25
23.5,5.25
23.75,5.25
24,5.25
24.25,5.25
24.5,5.25
24.75,5.25
25,5.25
25.25,5.25
25.5,5.25
25.75,5.25
26,5.25
26.25,5.25
26.5,5.25
26.75,5.25
27,5.25
27.25,5.25
27.5,5.25
27.75,5.25
28,5.25
28.25,5.25
28.5,5.25
28.75,5.25
29,5.25
29.25,5.25
29.5,5.25
29.75,5.25
30,5.25
0,5.5
0.25,5.5
0.5,5.5
0.75,5.5
1,5.5
1.25,5.5
1.5,5.5
1.75,5.5
2,5.5
2.25,5.5
2.5,5.5
2.75,5.5
3,5.5
3.25,5.5
3.5,5.5
3.75,5.5
4,5.5
4.25,5.5
4.5,5.5
4.75,5.5
5,5.5
5.25,5.5
5.5,5.5
5.75,5.5
6,5.5
6.25,5.5
6.5,5.5
6.75,5.5
7,5.5
7.25,5.5
7.5,5.5
7.75,5.5
8,5.5
8.25,5.5
8.5,5.5
8.75,5.5
9,5.5
9.25,5.5
9.5,5.5
9.75,5.5
10,5.5
10.25,5.5
10.5,5.5
10.75,5.5
11,5.5
11.25,5.5
11.5,5.5
11.75,5.5
12,5.5
12.25,5.5
12.5,5.5
12.75,5.5
13,5.5
13.25,5.5
13.5,5.5
13.75,5.5
14,5.5
14.25,5.5
15.75,5.5
16,5.5
16.25,5.5
16.5,5.5
16.75,5.5
17,5.5
17.25,5.5
17.5,5.5
17.75,5.5
18,5.5
18.25,5.5
18.5,5.5
18.75,5.5
19,5.5
19.25,5.5
19.5,5.5
19.75,5.5
20,5.5
20.25,5.5
20.5,5.5
20.75,5.5
21,5.5
21.25,5.5
21.5,5.5
21.75,5.5
22,5.5
22.25,5.5
22.5,5.5
22.75,5.5
23,5.5
23.25,5.5
23.5,5.5
23.75,5.5
24,5.5
24.25,5.5
24.5,5.5
24.75,5.5
25,5.5
25.25,5.5
25.5,5.5
25.75,5.5
26,5.5
26.25,5.5
26.5,5.5
26.75,5.5
27,5.5
27.25,5.5
27.5,5.5
27.75,5.5
28,5.5
28.25,5.5
28.5,5.5
28.75,5.5
29,5.5
29.25,5.5
29.5,5.5
29.75,5.5
30,5.5
0,5.75
0.25,5.75
0.5,5.75
0.75,5.75
1,5.75
1.25,5.75
1.5,5.75
1.75,5.75
2,5.75
2.25,5.75
2.5,5.75
2.75,5.75
3,5.75
3.25,5.75
3.5,5.75
3.75,5.75
4,5.75
4.25,5.75
4.5,5.75
4.75,5.75
5,5.75
5.25,5.75
5.5,5.75
5.75,5.75
6,5.75
6.25,5.75
6.5,5.75
6.75,5.75
7,5.75
7.25,5.75
7.5,5.75
7.75,5.75
8,5.75
8.25,5.75
8.5,5.75
8.75,5.75
9,5.75
9.25,5.75
9.5,5.75
9.75,5.75
10,5.75
10.25,5.75
10.5,5.75
10.75,5.75
11,5.75
11.25,5.75
11.5,5.75
11.75,5.75
12,5.75
12.25,5.75
12.5,5.75
12.75,5.75
13,5.75
13.25,5.75
13.5,5.75
13.75,5.75
14,5.75
14.25,5.75
15.75,5.75
16,5.75
16.25,5.75
16.5,5.75
16.75,5.75
17,5.75
17.25,5.75
17.5,5.75
17.75,5.75
18,5.75
18.25,5.75
18.5,5.75
18.75,5.75
19,5.75
19.25,5.75
19.5,5.75
19.75,5.75
20,5.75
20.25,5.75
20.5,5.75
20.75,5.75
21,5.75
21.25,5.75
21.5,5.75
21.75,5.75
22,5.75
22.25,5.75
22.5,5.75
22.75,5.75
23,5.75
23.25,5.75
23.5,5.75
23.75,5.75
24,5.75
24.25,5.75
24.5,5.75
24.75,5.75
25,5.75
25.25,5.75
25.5,5.75
25.75,5.75
26,5.75
26.25,5.75
26.5,5.75
26.75,5.75
27,5.75
27.25,5.75
27.5,5.75
27.75,5.75
28,5.75
28.25,5.75
28.5,5.75
28.75,5.75
29,5.75
29.25,5.75
29.5,5.75
29.75,5.75
30,5.75
0,6
0.25,6
0.5,6
0.75,6
1,6
1.25,6
1.5,6
1.75,6
2,6
2.25,6
2.5,6
2.75,6
3,6
3.25,6
3.5,6
3.75,6
4,6
4.25,6
4.5,6
4.75,6
5,6
5.25,6
5.5,6
5.75,6
6,6
6.25,6
6.5,6
6.75,6
7,6
7.25,6
7.5,6
7.75,6
8,6
8.25,6
8.5,6
8.75,6
9,6
9.25,6
9.5,6
9.75,6
10,6
10.25,6
10.5,6
10.75,6
11,6
11.25,6
11.5,6
11.75,6
12,6
12.25,6
12.5,6
12.75,6
13,6
13.25,6
13.5,6
13.75,6
14,6
14.25,6
14.5,6
15.5,6
15.75,6
16,6
16.25,6
16.5,6
16.75,6
17,6
17.25,6
17.5,6
17.75,6
18,6
18.25,6
18.5,6
18.75,6
19,6
19.25,6
19.5,6
19.75,6
20,6
20.25,6
20.5,6
20.75,6
21,6
21.25,6
21.5,6
21.75,6
22,6
22.25,6
22.5,6
22.75,6
23,6
23.25,6
23.5,6
23.75,6
24,6
24.25,6
24.5,6
24.75,6
25,6
25.25,6
25.5,6
25.75,6
26,6
26.25,6
26.5,6
26.75,6
27,6
27.25,6
27.5,6
27.75,6
28,6
28.25,6
28.5,6
28.75,6
29,6
29.25,6
29.5,6
29.75,6
30,6
0,6.25
0.25,6.25
0.5,6.25
0.75,6.25
1,6.25
1.25,6.25
1.5,6.25
1.75,6.25
2,6.25
2.25,6.25
2.5,6.25
2.75,6.25
3,6.25
3.25,6.25
3.5,6.25
3.75,6.25
4,6.25
4.25,6.25
4.5,6.25
4.75,6.25
5,6.25
5.25,6.25
5.5,6.25
5.75,6.25
6,6.25
6.25,6.25
6.5,6.25
6.75,6.25
7,6.25
7.25,6.25
7.5,6.25
7.75,6.25
8,6.25
8.25,6.25
8.5,6.25
8.75,6.25
9,6.25
9.25,6.25
9.5,6.25
9.75,6.25
10,6.25
10.25,6.25
10.5,6.25
10.75,6.25
11,6.25
11.25,6.25
11.5,6.25
11.75,6.25
12,6.25
12.25,6.25
12.5,6.25
12.75,6.25
13,6.25
13.25,6.25
13.5,6.25
13.75,6.25
14,6.25
14.25,6.25
14.5,6.25
14.75,6.25
15,6.25
15.25,6.25
15.5,6.25
15.75,6.25
16,6.25
16.25,6.25
16.5,6.25
16.75,6.25
17,6.25
17.25,6.25
17.5,6.25
17.75,6.25
18,6.25
18.25,6.25
18.5,6.25
18.75,6.25
19,6.25
19.25,6.25
19.5,6.25
19.75,6.25
20,6.25
20.25,6.25
20.5,6.25
20.75,6.25
21,6.25
21.25,6.25
21.5,6.25
21.75,6.25
22,6.25
22.25,6.25
22.5,6.25
22.75,6.25
23,6.25
23.25,6.25
23.5,6.25
23.75,6.25
24,6.25
24.25,6.25
24.5,6.25
24.75,6.25
25,6.25
25.25,6.25
25.5,6.25
25.75,6.25
26,6.25
26.25,6.25
26.5,6.25
26.75,6.25
27,6.25
27.25,6.25
27.5,6.25
27.75,6.25
28,6.25
28.25,6.25
28.5,6.25
28.75,6.25
29,6.25
29.25,6.25
29.5,6.25
29.75,6.25
30,6.25
0,6.5
0.25,6.5
0.5,6.5
0.75,6.5
1,6.5
1.25,6.5
1.5,6.5
1.75,6.5
2,6.5
2.25,6.5
2.5,6.5
2.75,6.5
3,6.5
3.25,6.5
3.5,6.5
3.75,6.5
4,6.5
4.25,6.5
4.5,6.5
4.75,6.5
5,6.5
5.25,6.5
5.5,6.5
5.75,6.5
6,6.5
6.25,6.5
6.5,6.5
6.75,6.5
7,6.5
7.25,6.5
7.5,6.5
7.75,6.5
8,6.5
8.25,6.5
8.5,6.5
8.75,6.5
9,6.5
9.25,6.5
9.5,6.5
9.75,6.5
10,6.5
10.25,6.5
10.5,6.5
10.75,6.5
11,6.5
11.25,6.5
11.5,6.5
11.75,6.5
12,6.5
12.25,6.5
12.5,6.5
12.75,6.5
13,6.5
13.25,6.5
13.5,6.5
13.75,6.5
14,6.5
14.25,6.5
14.5,6.5
14.75,6.5
15,6.5
15.25,6.5
15.5,6.5
15.75,6.5
16,6.5
16.25,6.5
16.5,6.5
16.75,6.5
17,6.5
17.25,6.5
17.5,6.5
17.75,6.5
18,6.5
18.25,6.5
18.5,6.5
18.75,6.5
19,6.5
19.25,6.5
19.5,6.5
19.75,6.5
20,6.5
20.25,6.5
20.5,6.5
20.75,6.5
21,6.5
21.25,6.5
21.5,6.5
21.75,6.5
22,6.5
22.25,6.5
22.5,6.5
22.75,6.5
23,6.5
23.25,6.5
23.5,6.5
23.75,6.5
24,6.5
24.25,6.5
24.5,6.5
24.75,6.5
25,6.5
25.25,6.5
25.5,6.5
25.75,6.5
26,6.5
26.25,6.5
26.5,6.5
26.75,6.5
27,6.5
27.25,6.5
27.5,6.5
27.75,6.5
28,6.5
28.25,6.5
28.5,6.5
28.75,6.5
29,6.5
29.25,6.5
29.5,6.5
29.75,6.5
30,6.5
0,6.75
0.25,6.75
0.5,6.75
0.75,6.75
1,6.75
1.25,6.75
1.5,6.75
1.75,6.75
2,6.75
2.25,6.75
2.5,6.75
2.75,6.75
3,6.75
3.25,6.75
3.5,6.75
3.75,6.75
4,6.75
4.25,6.75
4.5,6.75
4.75,6.75
5,6.75
5.25,6.75
5.5,6.75
5.75,6.75
6,6.75
6.25,6.75
6.5,6.75
6.75,6.75
7,6.75
7.25,6.75
7.5,6.75
7.75,6.75
8,6.75
8.25,6.75
8.5,6.75
8.75,6.75
9,6.75
9.25,6.75
9.5,6.75
9.75,6.75
10,6.75
10.25,6.75
10.5,6.75
10.75,6.75
11,6.75
11.25,6.75
11.5,6.75
11.75,6.75
12,6.75
12.25,6.75
12.5,6.75
12.75,6.75
13,6.75
13.25,6.75
13.5,6.75
13.75,6.75
14,6.75
14.25,6.75
14.5,6.75
14.75,6.75
15,6.75
15.25,6.75
15.5,6.75
15.75,6.75
16,6.75
16.25,6.75
16.5,6.75
16.75,6.75
17,6.75
17.25,6.75
17.5,6.75
17.75,6.75
18,6.75
18.25,6.75
18.5,6.75
18.75,6.75
19,6.75
19.25,6.75
19.5,6.75
19.75,6.75
20,6.75
20.25,6.75
20.5,6.75
20.75,6.75
21,6.75
21.25,6.75
21.5,6.75
21.75,6.75
22,6.75
22.25,6.75
22.5,6.75
22.75,6.75
23,6.75
23.25,6.75
23.5,6.75
23.75,6.75
24,6.75
24.25,6.75
24.5,6.75
24.75,6.75
25,6.75
25.25,6.75
25.5,6.75
25.75,6.75
26,6.75
26.25,6.75
26.5,6.75
26.75,6.75
27,6.75
27.25,6.75
27.5,6.75
27.75,6.75
28,6.75
28.25,6.75
28.5,6.75
28.75,6.75
29,6.75
29.25,6.75
29.5,6.75
29.75,6.75
30,6.75
0,7
0.25,7
0.5,7
0.75,7
1,7
1.25,7
1.5,7
1.75,7
2,7
2.25,7
2.5,7
2.75,7
3,7
3.25,7
3.5,7
3.75,7
4,7
4.25,7
4.5,7
4.75,7
5,7
5.25,7
5.5,7
5.75,7
6,7
6.25,7
6.5,7
6.75,7
7,7
7.25,7
7.5,7
7.75,7
8,7
8.25,7
8.5,7
8.75,7
9,7
9.25,7
9.5,7
9.75,7
10,7
10.25,7
10.5,7
10.75,7
11,7
11.25,7
11.5,7
11.75,7
12,7
12.25,7
12.5,7
12.75,7
13,7
13.25,7
13.5,7
13.75,7
14,7
14.25,7
14.5,7
14.75,7
15,7
15.25,7
15.5,7
15.75,7
16,7
16.25,7
16.5,7
16.75,7
17,7
17.25,7
17.5,7
17.75,7
18,7
18.25,7
18.5,7
18.75,7
19,7
19.25,7
19.5,7
19.75,7
20,7
20.25,7
20.5,7
20.75,7
21,7
21.25,7
21.5,7
21.75,7
22,7
22.25,7
22.5,7
22.75,7
23,7
23.25,7
23.5,7
23.75,7
24,7
24.25,7
24.5,7
24.75,7
25,7
25.25,7
25.5,7
25.75,7
26,7
26.25,7
26.5,7
26.75,7
27,7
27.25,7
27.5,7
27.75,7
28,7
28.25,7
28.5,7
28.75,7
29,7
29.25,7
29.5,7
29.75,7
30,7
0,7.25
0.25,7.25
0.5,7.25
0.75,7.25
1,7.25
1.25,7.25
1.5,7.25
1.75,7.25
2,7.25
2.25,7.25
2.5,7.25
2.75,7.25
3,7.25
3.25,7.25
3.5,7.25
3.75,7.25
4,7.25
4.25,7.25
4.5,7.25
4.75,7.25
5,7.25
5.25,7.25
5.5,7.25
5.75,7.25
6,7.25
6.25,7.25
6.5,7.25
6.75,7.25
7,7.25
7.25,7.25
7.5,7.25
7.75,7.25
8,7.25
8.25,7.25
8.5,7.25
8.75,7.25
9,7.25
9.25,7.25
9.5,7.25
9.75,7.25
10,7.25
10.25,7.25
10.5,7.25
10.75,7.25
11,7.25
11.25,7.25
11.5,7.25
11.75,7.25
12,7.25
12.25,7.25
12.5,7.25
12.75,7.25
13,7.25
13.25,7.25
13.5,7.25
13.75,7.25
14,7.25
14.25,7.25
14.5,7.25
14.75,7.25
15,7.25
15.25,7.25
15.5,7.25
15.75,7.25
16,7.25
16.25,7.25
16.5,7.25
16.75,7.25
17,7.25
17.25,7.25
17.5,7.25
17.75,7.25
18,7.25
18.25,7.25
18.5,7.25
18.75,7.25
19,7.25
19.25,7.25
19.5,7.25
19.75,7.25
20,7.25
20.25,7.25
20.5,7.25
20.75,7.25
21,7.25
21.25,7.25
21.5,7.25
21.75,7.25
22,7.25
22.25,7.25
22.5,7.25
22.75,7.25
23,7.25
23.25,7.25
23.5,7.25
23.75,7.25
24,7.25
24.25,7.25
24.5,7.25
24.75,7.25
25,7.25
25.25,7.25
25.5,7.25
25.75,7.25
26,7.25
26.25,7.25
26.5,7.25
26.75,7.25
27,7.25
27.25,7.25
27.5,7.25
27.75,7.25
28,7.25
28.25,7.25
28.5,7.25
28.75,7.25
29,7.25
29.25,7.25
29.5,7.25
29.75,7.25
30,7.25
0,7.5
0.25,7.5
0.5,7.5
0.75,7.5
1,7.5
1.25,7.5
1.5,7.5
1.75,7.5
2,7.5
2.25,7.5
2.5,7.5
2.75,7.5
3,7.5
3.25,7.5
3.5,7.5
3.75,7.5
4,7.5
4.25,7.5
4.5,7.5
4.75,7.5
5,7.5
5.25,7.5
5.5,7.5
5.75,7.5
6,7.5
6.25,7.5
6.5,7.5
6.75,7.5
7,7.5
7.25,7.5
7.5,7.5
7.75,7.5
8,7.5
8.25,7.5
8.5,7.5
8.75,7.5
9,7.5
9.25,7.5
9.5,7.5
9.75,7.5
10,7.5
10.25,7.5
10.5,7.5
10.75,7.5
11,7.5
11.25,7.5
11.5,7.5
11.75,7.5
12,7.5
12.25,7.5
12.5,7.5
12.75,7.5
13,7.5
13.25,7.5
13.5,7.5
13.75,7.5
14,7.5
14.25,7.5
14.5,7.5
14.75,7.5
15,7.5
15.25,7.5
15.5,7.5
15.75,7.5
16,7.5
16.25,7.5
16.5,7.5
16.75,7.5
17,7.5
17.25,7.5
17.5,7.5
17.75,7.5
18,7.5
18.25,7.5
18.5,7.5
18.75,7.5
19,7.5
19.25,7.5
19.5,7.5
19.75,7.5
20,7.5
20.25,7.5
20.5,7.5
20.75,7.5
21,7.5
21.25,7.5
21.5,7.5
21.75,7.5
22,7.5
22.25,7.5
22.5,7.5
22.75,7.5
23,7.5
23.25,7.5
23.5,7.5
23.75,7.5
24,7.5
24.25,7.5
24.5,7.5
24.75,7.5
25,7.5
25.25,7.5
25.5,7.5
25.75,7.5
26,7.5
26.25,7.5
26.5,7.5
26.75,7.5
27,7.5
27.25,7.5
27.5,7.5
27.75,7.5
28,7.5
28.25,7.5
28.5,7.5
28.75,7.5
29,7.5
29.25,7.5
29.5,7.5
29.75,7.5
30,7.5
0,7.75
0.25,7.75
0.5,7.75
0.75,7.75
1,7.75
1.25,7.75
1.5,7.75
1.75,7.75
2,7.75
2.25,7.75
2.5,7.75
2.75,7.75
3,7.75
3.25,7.75
3.5,7.75
3.75,7.75
4,7.75
4.25,7.75
4.5,7.75
5.5,7.75
5.75,7.75
6,7.75
6.25,7.75
6.5,7.75
6.75,7.75
7,7.75
7.25,7.75
7.5,7.75
7.75,7.75
8,7.75
8.25,7.75
8.5,7.75
8.75,7.75
9,7.75
9.25,7.75
9.5,7.75
9.75,7.75
10,7.75
10.25,7.75
10.5,7.75
10.75,7.75
11,7.75
11.25,7.75
11.5,7.75
11.75,7.75
12,7.75
12.25,7.75
12.5,7.75
12.75,7.75
13,7.75
13.25,7.75
13.5,7.75
13.75,7.75
14,7.75
14.25,7.75
14.5,7.75
14.75,7.75
15,7.75
15.25,7.75
15.5,7.75
15.75,7.75
16,7.75
16.25,7.75
16.5,7.75
16.75,7.75
17,7.75
17.25,7.75
17.5,7.75
17.75,7.75
18,7.75
18.25,7.75
18.5,7.75
18.75,7.75
19,7.75
19.25,7.75
19.5,7.75
19.75,7.75
20,7.75
20.25,7.75
20.5,7.75
20.75,7.75
21,7.75
21.25,7.75
21.5,7.75
21.75,7.75
22,7.75
22.25,7.75
22.5,7.75
22.75,7.75
23,7.75
23.25,7.75
23.5,7.75
23.75,7.75
24,7.75
24.25,7.75
24.5,7.75
24.75,7.75
25,7.75
25.25,7.75
25.5,7.75
25.75,7.75
26,7.75
26.25,7.75
26.5,7.75
26.75,7.75
27,7.75
27.25,7.75
27.5,7.75
27.75,7.75
28,7.75
28.25,7.75
28.5,7.75
28.75,7.75
29,7.75
29.25,7.75
29.5,7.75
29.75,7.75
30,7.75
0,8
0.25,8
0.5,8
0.75,8
1,8
1.25,8
1.5,8
1.75,8
2,8
2.25,8
2.5,8
2.75,8
3,8
3.25,8
3.5,8
3.75,8
4,8
4.25,8
5.75,8
6,8
6.25,8
6.5,8
6.75,8
7,8
7.25,8
7.5,8
7.75,8
8,8
8.25,8
8.5,8
8.75,8
9,8
9.25,8
9.5,8
9.75,8
10,8
10.25,8
10.5,8
10.75,8
11,8
11.25,8
11.5,8
11.75,8
12,8
12.25,8
12.5,8
12.75,8
13,8
13.25,8
13.5,8
13.75,8
14,8
14.25,8
14.5,8
14.75,8
15,8
15.25,8
15.5,8
15.75,8
16,8
16.25,8
16.5,8
16.75,8
17,8
17.25,8
17.5,8
17.75,8
18,8
18.25,8
18.5,8
18.75,8
19,8
19.25,8
19.5,8
19.75,8
20,8
20.25,8
20.5,8
20.75,8
21,8
21.25,8
21.5,8
21.75,8
22,8
22.25,8
22.5,8
22.75,8
23,8
23.25,8
23.5,8
23.75,8
24,8
24.25,8
24.5,8
24.75,8
25,8
25.25,8
25.5,8
25.75,8
26,8
26.25,8
26.5,8
26.75,8
27,8
27.25,8
27.5,8
27.75,8
28,8
28.25,8
28.5,8
28.75,8
29,8
29.25,8
29.5,8
29.75,8
30,8
0,8.25
0.25,8.25
0.5,8.25
0.75,8.25
1,8.25
1.25,8.25
1.5,8.25
1.75,8.25
2,8.25
2.25,8.25
2.5,8.25
2.75,8.25
3,8.25
3.25,8.25
3.5,8.25
3.75,8.25
4,8.25
4.25,8.25
4.5,8.25
5.5,8.25
5.75,8.25
6,8.25
6.25,8.25
6.5,8.25
6.75,8.25
7,8.25
7.25,8.25
7.5,8.25
7.75,8.25
8,8.25
8.25,8.25
8.5,8.25
8.75,8.25
9,8.25
9.25,8.25
9.5,8.25
9.75,8.25
10,8.25
10.25,8.25
10.5,8.25
10.75,8.25
11,8.25
11.25,8.25
11.5,8.25
11.75,8.25
12,8.25
12.25,8.25
12.5,8.25
12.75,8.25
13,8.25
13.25,8.25
13.5,8.25
13.75,8.25
14,8.25
14.25,8.25
14.5,8.25
14.75,8.25
15,8.25
15.25,8.25
15.5,8.25
15.75,8.25
16,8.25
16.25,8.25
16.5,8.25
16.75,8.25
17,8.25
17.25,8.25
17.5,8.25
17.75,8.25
18,8.25
18.25,8.25
18.5,8.25
18.75,8.25
19,8.25
19.25,8.25
19.5,8.25
19.75,8.25
20,8.25
20.25,8.25
20.5,8.25
20.75,8.25
21,8.25
21.25,8.25
21.5,8.25
21.75,8.25
22,8.25
22.25,8.25
22.5,8.25
22.75,8.25
23,8.25
23.25,8.25
23.5,8.25
23.75,8.25
24,8.25
24.25,8.25
24.5,8.25
24.75,8.25
25,8.25
25.25,8.25
25.5,8.25
25.75,8.25
26,8.25
26.25,8.25
26.5,8.25
26.75,8.25
27,8.25
27.25,8.25
27.5,8.25
27.75,8.25
28,8.25
28.25,8.25
28.5,8.25
28.75,8.25
29,8.25
29.25,8.25
29.5,8.25
29.75,8.25
30,8.25
0,8.5
0.25,8.5
0.5,8.5
0.75,8.5
1,8.5
1.25,8.5
1.5,8.5
1.75,8.5
2,8.5
2.25,8.5
2.5,8.5
2.75,8.5
3,8.5
3.25,8.5
3.5,8.5
3.75,8.5
4,8.5
4.25,8.5
4.5,8.5
4.75,8.5
5,8.5
5.25,8.5
5.5,8.5
5.75,8.5
6,8.5
6.25,8.5
6.5,8.5
6.75,8.5
7,8.5
7.25,8.5
7.5,8.5
7.75,8.5
8,8.5
8.25,8.5
8.5,8.5
8.75,8.5
9,8.5
9.25,8.5
9.5,8.5
9.75,8.5
10,8.5
10.25,8.5
10.5,8.5
10.75,8.5
11,8.5
11.25,8.5
11.5,8.5
11.75,8.5
12,8.5
12.25,8.5
12.5,8.5
12.75,8.5
13,8.5
13.25,8.5
13.5,8.5
13.75,8.5
14,8.5
14.25,8.5
14.5,8.5
14.75,8.5
15,8.5
15.25,8.5
15.5,8.5
15.75,8.5
16,8.5
16.25,8.5
16.5,8.5
16.75,8.5
17,8.5
17.25,8.5
17.5,8.5
17.75,8.5
18,8.5
18.25,8.5
18.5,8.5
18.75,8.5
19,8.5
19.25,8.5
19.5,8.5
19.75,8.5
20,8.5
20.25,8.5
20.5,8.5
20.75,8.5
21,8.5
21.25,8.5
21.5,8.5
21.75,8.5
22,8.5
22.25,8.5
22.5,8.5
22.75,8.5
23,8.5
23.25,8.5
23.5,8.5
23.75,8.5
24,8.5
24.25,8.5
24.5,8.5
24.75,8.5
25,8.5
25.25,8.5
25.5,8.5
25.75,8.5
26,8.5
26.25,8.5
26.5,8.5
26.75,8.5
27,8.5
27.25,8.5
27.5,8.5
27.75,8.5
28,8.5
28.25,8.5
28.5,8.5
28.75,8.5
29,8.5
29.25,8.5
29.5,8.5
29.75,8.5
30,8.5
0,8.75
0.25,8.75
0.5,8.75
0.75,8.75
1,8.75
1.25,8.75
1.5,8.75
1.75,8.75
2,8.75
2.25,8.75
2.5,8.75
2.75,8.75
3,8.75
3.25,8.75
3.5,8.75
3.75,8.75
4,8.75
4.25,8.75
4.5,8.75
4.75,8.75
5,8.75
5.25,8.75
5.5,8.75
5.75,8.75
6,8.75
6.25,8.75
6.5,8.75
6.75,8.75
7,8.75
7.25,8.75
7.5,8.75
7.75,8.75
8,8.75
8.25,8.75
8.5,8.75
8.75,8.75
9,8.75
9.25,8.75
9.5,8.75
9.75,8.75
10,8.75
10.25,8.75
10.5,8.75
10.75,8.75
11,8.75
11.25,8.75
11.5,8.75
11.75,8.75
12,8.75
12.25,8.75
12.5,8.75
12.75,8.75
13,8.75
13.25,8.75
13.5,8.75
13.75,8.75
14,8.75
14.25,8.75
14.5,8.75
14.75,8.75
15,8.75
15.25,8.75
15.5,8.75
15.75,8.75
16,8.75
16.25,8.75
16.5,8.75
16.75,8.75
17,8.75
17.25,8.75
17.5,8.75
17.75,8.75
18,8.75
18.25,8.75
18.5,8.75
18.75,8.75
19,8.75
19.25,8.75
19.5,8.75
19.75,8.75
20,8.75
20.25,8.75
20.5,8.75
20.75,8.75
21,8.75
21.25,8.75
21.5,8.75
21.75,8.75
22,8.75
22.25,8.75
22.5,8.75
22.75,8.75
23,8.75
23.25,8.75
23.5,8.75
23.75,8.75
24,8.75
24.25,8.75
24.5,8.75
24.75,8.75
25,8.75
25.25,8.75
25.5,8.75
25.75,8.75
26,8.75
26.25,8.75
26.5,8.75
26.75,8.75
27,8.75
27.25,8.75
27.5,8.75
27.75,8.75
28,8.75
28.25,8.75
28.5,8.75
28.75,8.75
29,8.75
29.25,8.75
29.5,8.75
29.75,8.75
30,8.75
0,9
0.25,9
0.5,9
0.75,9
1,9
1.25,9
1.5,9
1.75,9
2,9
2.25,9
2.5,9
2.75,9
3,9
3.25,9
3.5,9
3.75,9
4,9
4.25,9
4.5,9
4.75,9
5,9
5.25,9
5.5,9
5.75,9
6,9
6.25,9
6.5,9
6.75,9
7,9
7.25,9
7.5,9
7.75,9
8,9
8.25,9
8.5,9
8.75,9
9,9
9.25,9
9.5,9
9.75,9
10,9
10.25,9
10.5,9
10.75,9
11,9
11.25,9
11.5,9
11.75,9
12,9
12.25,9
12.5,9
12.75,9
13,9
13.25,9
13.5,9
13.75,9
14,9
14.25,9
14.5,9
14.75,9
15,9
15.25,9
15.5,9
15.75,9
16,9
16.25,9
16.5,9
16.75,9
17,9
17.25,9
17.5,9
17.75,9
18,9
18.25,9
18.5,9
18.75,9
19,9
19.25,9
19.5,9
19.75,9
20,9
20.25,9
20.5,9
20.75,9
21,9
21.25,9
21.5,9
21.75,9
22,9
22.25,9
22.5,9
22.75,9
23,9
23.25,9
23.5,9
23.75,9
24,9
24.25,9
24.5,9
24.75,9
25,9
25.25,9
25.5,9
25.75,9
26,9
26.25,9
26.5,9
26.75,9
27,9
27.25,9
27.5,9
27.75,9
28,9
28.25,9
28.5,9
28.75,9
29,9
29.25,9
29.5,9
29.75,9
30,9
0,9.25
0.25,9.25
0.5,9.25
0.75,9.25
1,9.25
1.25,9.25
1.5,9.25
1.75,9.25
2,9.25
2.25,9.25
2.5,9.25
2.75,9.25
3,9.25
3.25,9.25
3.5,9.25
3.75,9.25
4,9.25
4.25,9.25
4.5,9.25
4.75,9.25
5,9.25
5.25,9.25
5.5,9.25
5.75,9.25
6,9.25
6.25,9.25
6.5,9.25
6.75,9.25
7,9.25
7.25,9.25
7.5,9.25
7.75,9.25
8,9.25
8.25,9.25
8.5,9.25
8.75,9.25
9,9.25
9.25,9.25
9.5,9.25
9.75,9.25
10,9.25
10.25,9.25
10.5,9.25
10.75,9.25
11,9.25
11.25,9.25
11.5,9.25
11.75,9.25
12,9.25
12.25,9.25
12.5,9.25
12.75,9.25
13,9.25
13.25,9.25
13.5,9.25
13.75,9.25
14,9.25
14.25,9.25
14.5,9.25
14.75,9.25
15,9.25
15.25,9.25
15.5,9.25
15.75,9.25
16,9.25
16.25,9.25
16.5,9.25
16.75,9.25
17,9.25
17.25,9.25
17.5,9.25
17.75,9.25
18,9.25
18.25,9.25
18.5,9.25
18.75,9.25
19,9.25
19.25,9.25
19.5,9.25
19.75,9.25
20,9.25
20.25,9.25
20.5,9.25
20.75,9.25
21,9.25
21.25,9.25
21.5,9.25
21.75,9.25
22,9.25
22.25,9.25
22.5,9.25
22.75,9.25
23,9.25
23.25,9.25
23.5,9.25
23.75,9.25
24,9.25
24.25,9.25
24.5,9.25
24.75,9.25
25,9.25
25.25,9.25
25.5,9.25
25.75,9.25
26,9.25
26.25,9.25
26.5,9.25
26.75,9.25
27,9.25
27.25,9.25
27.5,9.25
27.75,9.25
28,9.25
28.25,9.25
28.5,9.25
28.75,9.25
29,9.25
29.25,9.25
29.5,9.25
29.75,9.25
30,9.25
0,9.5
0.25,9.5
0.5,9.5
0.75,9.5
1,9.5
1.25,9.5
1.5,9.5
1.75,9.5
2,9.5
2.25,9.5
2.5,9.5
2.75,9.5
3,9.5
3.25,9.5
3.5,9.5
3.75,9.5
4,9.5
4.25,9.5
4.5,9.5
4.75,9.5
5,9.5
5.25,9.5
5.5,9.5
5.75,9.5
6,9.5
6.25,9.5
6.5,9.5
6.75,9.5
7,9.5
7.25,9.5
7.5,9.5
7.75,9.5
8,9.5
8.25,9.5
8.5,9.5
8.75,9.5
9,9.5
9.25,9.5
9.5,9.5
9.75,9.5
10,9.5
10.25,9.5
10.5,9.5
10.75,9.5
11,9.5
11.25,9.5
11.5,9.5
11.75,9.5
12,9.5
12.25,9.5
12.5,9.5
12.75,9.5
13,9.5
13.25,9.5
13.5,9.5
13.75,9.5
14,9.5
14.25,9.5
14.5,9.5
14.75,9.5
15,9.5
15.25,9.5
15.5,9.5
15.75,9.5
16,9.5
16.25,9.5
16.5,9.5
16.75,9.5
17,9.5
17.25,9.5
17.5,9.5
17.75,9.5
18,9.5
18.25,9.5
18.5,9.5
18.75,9.5
19,9.5
19.25,9.5
19.5,9.5
19.75,9.5
20,9.5
20.25,9.5
20.5,9.5
20.75,9.5
21,9.5
21.25,9.5
21.5,9.5
21.75,9.5
22,9.5
22.25,9.5
22.5,9.5
22.75,9.5
23,9.5
23.25,9.5
23.5,9.5
23.75,9.5
24,9.5
24.25,9.5
24.5,9.5
24.75,9.5
25,9.5
25.25,9.5
25.5,9.5
25.75,9.5
26,9.5
26.25,9.5
26.5,9.5
26.75,9.5
27,9.5
27.25,9.5
27.5,9.5
27.75,9.5
28,9.5
28.25,9.5
28.5,9.5
28.75,9.5
29,9.5
29.25,9.5
29.5,9.5
29.75,9.5
30,9.5
0,9.75
0.25,9.75
0.5,9.75
0.75,9.75
1,9.75
1.25,9.75
1.5,9.75
1.75,9.75
2,9.75
2.25,9.75
2.5,9.75
2.75,9.75
3,9.75
3.25,9.75
3.5,9.75
3.75,9.75
4,9.75
4.25,9.75
4.5,9.75
4.75,9.75
5,9.75
5.25,9.75
5.5,9.75
5.75,9.75
6,9.75
6.25,9.75
6.5,9.75
6.75,9.75
7,9.75
7.25,9.75
7.5,9.75
7.75,9.75
8,9.75
8.25,9.75
8.5,9.75
8.75,9.75
9,9.75
9.25,9.75
9.5,9.75
9.75,9.75
10,9.75
10.25,9.75
10.5,9.75
10.75,9.75
11,9.75
11.25,9.75
11.5,9.75
11.75,9.75
12,9.75
12.25,9.75
12.5,9.75
12.75,9.75
13,9.75
13.25,9.75
13.5,9.75
13.75,9.75
14,9.75
14.25,9.75
14.5,9.75
14.75,9.75
15,9.75
15.25,9.75
15.5,9.75
15.75,9.75
16,9.75
16.25,9.75
16.5,9.75
16.75,9.75
17,9.75
17.25,9.75
17.5,9.75
17.75,9.75
18,9.75
18.25,9.75
18.5,9.75
18.75,9.75
19,9.75
19.25,9.75
19.5,9.75
19.75,9.75
20,9.75
20.25,9.75
20.5,9.75
20.75,9.75
21,9.75
21.25,9.75
21.5,9.75
21.75,9.75
22,9.75
22.25,9.75
22.5,9.75
22.75,9.75
23,9.75
23.25,9.75
23.5,9.75
23.75,9.75
24,9.75
24.25,9.75
24.5,9.75
24.75,9.75
25,9.75
25.25,9.75
25.5,9.75
25.75,9.75
26,9.75
26.25,9.75
26.5,9.75
26.75,9.75
27,9.75
27.25,9.75
27.5,9.75
27.75,9.75
28,9.75
28.25,9.75
28.5,9.75
28.75,9.75
29,9.75
29.25,9.75
29.5,9.75
29.75,9.75
30,9.75
0,10
0.25,10
0.5,10
0.75,10
1,10
1.25,10
1.5,10
1.75,10
2,10
2.25,10
2.5,10
2.75,10
3,10
3.25,10
3.5,10
3.75,10
4,10
4.25,10
4.5,10
4.75,10
5,10
5.25,10
5.5,10
5.75,10
6,10
6.25,10
6.5,10
6.75,10
7,10
7.25,10
7.5,10
7.75,10
8,10
8.25,10
8.5,10
8.75,10
9,10
9.25,10
9.5,10
9.75,10
10.25,10
10.5,10
10.75,10
11,10
11.25,10
11.5,10
11.75,10
12,10
12.25,10
12.5,10
12.75,10
13,10
13.25,10
13.5,10
13.75,10
14,10
14.25,10
14.5,10
14.75,10
15,10
15.25,10
15.5,10
15.75,10
16,10
16.25,10
16.5,10
16.75,10
17,10
17.25,10
17.5,10
17.75,10
18,10
18.25,10
18.5,10
18.75,10
19,10
19.25,10
19.5,10
19.75,10
20.25,10
20.5,10
20.75,10
21,10
21.25,10
21.5,10
21.75,10
22,10
22.25,10
22.5,10
22.75,10
23,10
23.25,10
23.5,10
23.75,10
24,10
24.25,10
24.5,10
24.75,10
25,10
25.25,10
25.5,10
25.75,10
26,10
26.25,10
26.5,10
26.75,10
27,10
27.25,10
27.5,10
27.75,10
28,10
28.25,10
28.5,10
28.75,10
29,10
29.25,10
29.5,10
29.75,10
30,10
0,10.25
0.25,10.25
0.5,10.25
0.75,10.25
1,10.25
1.25,10.25
1.5,10.25
1.75,10.25
2,10.25
2.25,10.25
2.5,10.25
2.75,10.25
3,10.25
3.25,10.25
3.5,10.25
3.75,10.25
4,10.25
4.25,10.25
4.5,10.25
4.75,10.25
5,10.25
5.25,10.25
5.5,10.25
5.75,10.25
6,10.25
6.25,10.25
6.5,10.25
6.75,10.25
7,10.25
7.25,10.25
7.5,10.25
7.75,10.25
8,10.25
8.25,10.25
8.5,10.25
8.75,10.25
9,10.25
9.25,10.25
9.5,10.25
9.75,10.25
10,10.25
20,10.25
20.25,10.25
20.5,10.25
20.75,10.25
21,10.25
21.25,10.25
21.5,10.25
21.75,10.25
22,10.25
22.25,10.25
22.5,10.25
22.75,10.25
23,10.25
23.25,10.25
23.5,10.25
23.75,10.25
24,10.25
24.25,10.25
24.5,10.25
24.75,10.25
25,10.25
25.25,10.25
25.5,10.25
25.75,10.25
26,10.25
26.25,10.25
26.5,10.25
26.75,10.25
27,10.25
27.25,10.25
27.5,10.25
27.75,10.25
28,10.25
28.25,10.25
28.5,10.25
28.75,10.25
29,10.25
29.25,10.25
29.5,10.25
29.75,10.25
30,10.25
0,10.5
0.25,10.5
0.5,10.5
0.75,10.5
1,10.5
1.25,10.5
1.5,10.5
1.75,10.5
2,10.5
2.25,10.5
2.5,10.5
2.75,10.5
3,10.5
3.25,10.5
3.5,10.5
3.75,10.5
4,10.5
4.25,10.5
4.5,10.5
4.75,10.5
5,10.5
5.25,10.5
5.5,10.5
5.75,10.5
6,10.5
6.25,10.5
6.5,10.5
6.75,10.5
7,10.5
7.25,10.5
7.5,10.5
7.75,10.5
8,10.5
8.25,10.5
8.5,10.5
8.75,10.5
9,10.5
9.25,10.5
9.5,10.5
9.75,10.5
10,10.5
20,10.5
20.25,10.5
20.5,10.5
20.75,10.5
21,10.5
21.25,10.5
21.5,10.5
21.75,10.5
22,10.5
22.25,10.5
22.5,10.5
22.75,10.5
23,10.5
23.25,10.5
23.5,10.5
23.75,10.5
24,10.5
24.25,10.5
24.5,10.5
24.75,10.5
25,10.5
25.25,10.5
25.5,10.5
25.75,10.5
26,10.5
26.25,10.5
26.5,10.5
26.75,10.5
27,10.5
27.25,10.5
27.5,10.5
27.75,10.5
28,10.5
28.25,10.5
28.5,10.5
28.75,10.5
29,10.5
29.25,10.5
29.5,10.5
29.75,10.5
30,10.5
0,10.75
0.25,10.75
0.5,10.75
0.75,10.75
1,10.75
1.25,10.75
1.5,10.75
1.75,10.75
2,10.75
2.25,10.75
2.5,10.75
2.75,10.75
3,10.75
3.25,10.75
3.5,10.75
3.75,10.75
4,10.75
4.25,10.75
4.5,10.75
4.75,10.75
5,10.75
5.25,10.75
5.5,10.75
5.75,10.75
6,10.75
6.25,10.75
6.5,10.75
6.75,10.75
7,10.75
7.25,10.75
7.5,10.75
7.75,10.75
8,10.75
8.25,10.75
8.5,10.75
8.75,10.75
9,10.75
9.25,10.75
9.5,10.75
9.75,10.75
10,10.75
20,10.75
20.25,10.75
20.5,10.75
20.75,10.75
21,10.75
21.25,10.75
21.5,10.75
21.75,10.75
22,10.75
22.25,10.75
22.5,10.75
22.75,10.75
23,10.75
23.25,10.75
23.5,10.75
23.75,10.75
24,10.75
24.25,10.75
24.5,10.75
24.75,10.75
25,10.75
25.25,10.75
25.5,10.75
25.75,10.75
26,10.75
26.25,10.75
26.5,10.75
26.75,10.75
27,10.75
27.25,10.75
27.5,10.75
27.75,10.75
28,10.75
28.25,10.75
28.5,10.75
28.75,10.75
29,10.75
29.25,10.75
29.5,10.75
29.75,10.75
30,10.75
0,11
0.25,11
0.5,11
0.75,11
1,11
1.25,11
1.5,11
1.75,11
2,11
2.25,11
2.5,11
2.75,11
3,11
3.25,11
3.5,11
3.75,11
4,11
4.25,11
4.5,11
4.75,11
5,11
5.25,11
5.5,11
5.75,11
6,11
6.25,11
6.5,11
6.75,11
7,11
7.25,11
7.5,11
7.75,11
8,11
8.25,11
8.5,11
8.75,11
9,11
9.25,11
9.5,11
9.75,11
10,11
20,11
20.25,11
20.5,11
20.75,11
21,11
21.25,11
21.5,11
21.75,11
22,11
22.25,11
22.5,11
22.75,11
23,11
23.25,11
23.5,11
23.75,11
24,11
24.25,11
24.5,11
24.75,11
25,11
25.25,11
25.5,11
25.75,11
26,11
26.25,11
26.5,11
26.75,11
27,11
27.25,11
27.5,11
27.75,11
28,11
28.25,11
28.5,11
28.75,11
29,11
29.25,11
29.5,11
29.75,11
30,11
0,11.25
0.25,11.25
0.5,11.25
0.75,11.25
1,11.25
1.25,11.25
1.5,11.25
1.75,11.25
2,11.25
2.25,11.25
2.5,11.25
2.75,11.25
3,11.25
3.25,11.25
3.5,11.25
3.75,11.25
4,11.25
4.25,11.25
4.5,11.25
4.75,11.25
5,11.25
5.25,11.25
5.5,11.25
5.75,11.25
6,11.25
6.25,11.25
6.5,11.25
6.75,11.25
7,11.25
7.25,11.25
7.5,11.25
7.75,11.25
8,11.25
8.25,11.25
8.5,11.25
8.75,11.25
9,11.25
9.25,11.25
9.5,11.25
9.75,11.25
10,11.25
20,11.25
20.25,11.25
20.5,11.25
20.75,11.25
21,11.25
21.25,11.25
21.5,11.25
21.75,11.25
22,11.25
22.25,11.25
22.5,11.25
22.75,11.25
23,11.25
23.25,11.25
23.5,11.25
23.75,11.25
24,11.25
24.25,11.25
24.5,11.25
24.75,11.25
25,11.25
25.25,11.25
25.5,11.25
25.75,11.25
26,11.25
26.25,11.25
26.5,11.25
26.75,11.25
27,11.25
27.25,11.25
27.5,11.25
27.75,11.25
28,11.25
28.25,11.25
28.5,11.25
28.75,11.25
29,11.25
29.25,11.25
29.5,11.25
29.75,11.25
30,11.25
0,11.5
0.25,11.5
0.5,11.5
0.75,11.5
1,11.5
1.25,11.5
1.5,11.5
1.75,11.5
2,11.5
2.25,11.5
2.5,11.5
2.75,11.5
3,11.5
3.25,11.5
3.5,11.5
3.75,11.5
4,11.5
4.25,11.5
4.5,11.5
4.75,11.5
5,11.5
5.25,11.5
5.5,11.5
5.75,11.5
6,11.5
6.25,11.5
6.5,11.5
6.75,11.5
7,11.5
7.25,11.5
7.5,11.5
7.75,11.5
8,11.5
8.25,11.5
8.5,11.5
8.75,11.5
9,11.5
9.25,11.5
9.5,11.5
9.75,11.5
10,11.5
20,11.5
20.25,11.5
20.5,11.5
20.75,11.5
21,11.5
21.25,11.5
21.5,11.5
21.75,11.5
22,11.5
22.25,11.5
22.5,11.5
22.75,11.5
23,11.5
23.25,11.5
23.5,11.5
23.75,11.5
24,11.5
24.25,11.5
24.5,11.5
24.75,11.5
25,11.5
25.25,11.5
25.5,11.5
25.75,11.5
26,11.5
26.25,11.5
26.5,11.5
26.75,11.5
27,11.5
27.25,11.5
27.5,11.5
27.75,11.5
28,11.5
28.25,11.5
28.5,11.5
28.75,11.5
29,11.5
29.25,11.5
29.5,11.5
29.75,11.5
30,11.5
0,11.75
0.25,11.75
0.5,11.75
0.75,11.75
1,11.75
1.25,11.75
1.5,11.75
1.75,11.75
2,11.75
2.25,11.75
2.5,11.75
2.75,11.75
3,11.75
3.25,11.75
3.5,11.75
3.75,11.75
4,11.75
4.25,11.75
4.5,11.75
4.75,11.75
5,11.75
5.25,11.75
5.5,11.75
5.75,11.75
6,11.75
6.25,11.75
6.5,11.75
6.75,11.75
7,11.75
7.25,11.75
7.5,11.75
7.75,11.75
8,11.75
8.25,11.75
8.5,11.75
8.75,11.75
9,11.75
9.25,11.75
9.5,11.75
9.75,11.75
10,11.75
20,11.75
20.25,11.75
20.5,11.75
20.75,11.75
21,11.75
21.25,11.75
21.5,11.75
21.75,11.75
22,11.75
22.25,11.75
22.5,11.75
22.75,11.75
23,11.75
23.25,11.75
23.5,11.75
23.75,11.75
24,11.75
24.25,11.75
24.5,11.75
24.75,11.75
25,11.75
25.25,11.75
25.5,11.75
25.75,11.75
26,11.75
26.25,11.75
26.5,11.75
26.75,11.75
27,11.75
27.25,11.75
27.5,11.75
27.75,11.75
28,11.75
28.25,11.75
28.5,11.75
28.75,11.75
29,11.75
29.25,11.75
29.5,11.75
29.75,11.75
30,11.75
0,12
0.25,12
0.5,12
0.75,12
1,12
1.25,12
1.5,12
1.75,12
2,12
2.25,12
2.5,12
2.75,12
3,12
3.25,12
3.5,12
3.75,12
4,12
4.25,12
4.5,12
4.75,12
5,12
5.25,12
5.5,12
5.75,12
6,12
6.25,12
6.5,12
6.75,12
7,12
7.25,12
7.5,12
7.75,12
8,12
8.25,12
8.5,12
8.75,12
9,12
9.25,12
9.5,12
9.75,12
10,12
20,12
20.25,12
20.5,12
20.75,12
21,12
21.25,12
21.5,12
21.75,12
22,12
22.25,12
22.5,12
22.75,12
23,12
23.25,12
23.5,12
23.75,12
24,12
24.25,12
24.5,12
24.75,12
25,12
25.25,12
25.5,12
25.75,12
26,12
26.25,12
26.5,12
26.75,12
27,12
27.25,12
27.5,12
27.75,12
28,12
28.25,12
28.5,12
28.75,12
29,12
29.25,12
29.5,12
29.75,12
30,12
0,12.25
0.25,12.25
0.5,12.25
0.75,12.25
1,12.25
1.25,12.25
1.5,12.25
1.75,12.25
2,12.25
2.25,12.25
2.5,12.25
2.75,12.25
3,12.25
3.25,12.25
3.5,12.25
3.75,12.25
4,12.25
4.25,12.25
4.5,12.25
4.75,12.25
5,12.25
5.25,12.25
5.5,12.25
5.75,12.25
6,12.25
6.25,12.25
6.5,12.25
6.75,12.25
7,12.25
7.25,12.25
7.5,12.25
7.75,12.25
8,12.25
8.25,12.25
8.5,12.25
8.75,12.25
9,12.25
9.25,12.25
9.5,12.25
9.75,12.25
10,12.25
20,12.25
20.25,12.25
20.5,12.25
20.75,12.25
21,12.25
21.25,12.25
21.5,12.25
21.75,12.25
22,12.25
22.25,12.25
22.5,12.25
22.75,12.25
23,12.25
23.25,12.25
23.5,12.25
23.75,12.25
24,12.25
24.25,12.25
24.5,12.25
24.75,12.25
25,12.25
25.25,12.25
25.5,12.25
25.75,12.25
26,12.25
26.25,12.25
26.5,12.25
26.75,12.25
27,12.25
27.25,12.25
27.5,12.25
27.75,12.25
28,12.25
28.25,12.25
28.5,12.25
28.75,12.25
29,12.25
29.25,12.25
29.5,12.25
29.75,12.25
30,12.25
0,12.5
0.25,12.5
0.5,12.5
0.75,12.5
1,12.5
1.25,12.5
1.5,12.5
1.75,12.5
2,12.5
2.25,12.5
2.5,12.5
2.75,12.5
3,12.5
3.25,12.5
3.5,12.5
3.75,12.5
4,12.5
4.25,12.5
4.5,12.5
4.75,12.5
5,12.5
5.25,12.5
5.5,12.5
5.75,12.5
6,12.5
6.25,12.5
6.5,12.5
6.75,12.5
7,12.5
7.25,12.5
7.5,12.5
7.75,12.5
8,12.5
8.25,12.5
8.5,12.5
8.75,12.5
9,12.5
9.25,12.5
9.5,12.5
9.75,12.5
10,12.5
20,12.5
20.25,12.5
20.5,12.5
20.75,12.5
21,12.5
21.25,12.5
21.5,12.5
21.75,12.5
22,12.5
22.25,12.5
22.5,12.5
22.75,12.5
23,12.5
23.25,12.5
23.5,12.5
23.75,12.5
24,12.5
24.25,12.5
24.5,12.5
24.75,12.5
25,12.5
25.25,12.5
25.5,12.5
25.75,12.5
26,12.5
26.25,12.5
26.5,12.5
26.75,12.5
27,12.5
27.25,12.5
27.5,12.5
27.75,12.5
28,12.5
28.25,12.5
28.5,12.5
28.75,12.5
29,12.5
29.25,12.5
29.5,12.5
29.75,12.5
30,12.5
0,12.75
0.25,12.75
0.5,12.75
0.75,12.75
1,12.75
1.25,12.75
1.5,12.75
1.75,12.75
2,12.75
2.25,12.75
2.5,12.75
2.75,12.75
3,12.75
3.25,12.75
3.5,12.75
3.75,12.75
4,12.75
4.25,12.75
4.5,12.75
4.75,12.75
5,12.75
5.25,12.75
5.5,12.75
5.75,12.75
6,12.75
6.25,12.75
6.5,12.75
6.75,12.75
7,12.75
7.25,12.75
7.5,12.75
7.75,12.75
8,12.75
8.25,12.75
8.5,12.75
8.75,12.75
9,12.75
9.25,12.75
9.5,12.75
9.75,12.75
10,12.75
20,12.75
20.25,12.75
20.5,12.75
20.75,12.75
21,12.75
21.25,12.75
21.5,12.75
21.75,12.75
22,12.75
22.25,12.75
22.5,12.75
22.75,12.75
23,12.75
23.25,12.75
23.5,12.75
23.75,12.75
24,12.75
24.25,12.75
24.5,12.75
24.75,12.75
25,12.75
25.25,12.75
25.5,12.75
25.75,12.75
26,12.75
26.25,12.75
26.5,12.75
26.75,12.75
27,12.75
27.25,12.75
27.5,12.75
27.75,12.75
28,12.75
28.25,12.75
28.5,12.75
28.75,12.75
29,12.75
29.25,12.75
29.5,12.75
29.75,12.75
30,12.75
0,13
0.25,13
0.5,13
0.75,13
1,13
1.25,13
1.5,13
1.75,13
2,13
2.25,13
2.5,13
2.75,13
3,13
3.25,13
3.5,13
3.75,13
4,13
4.25,13
4.5,13
4.75,13
5,13
5.25,13
5.5,13
5.75,13
6,13
6.25,13
6.5,13
6.75,13
7,13
7.25,13
7.5,13
7.75,13
8,13
8.25,13
8.5,13
8.75,13
9,13
9.25,13
9.5,13
9.75,13
10,13
20,13
20.25,13
20.5,13
20.75,13
21,13
21.25,13
21.5,13
21.75,13
22,13
22.25,13
22.5,13
22.75,13
23,13
23.25,13
23.5,13
23.75,13
24,13
24.25,13
24.5,13
24.75,13
25,13
25.25,13
25.5,13
25.75,13
26,13
26.25,13
26.5,13
26.75,13
27,13
27.25,13
27.5,13
27.75,13
28,13
28.25,13
28.5,13
28.75,13
29,13
29.25,13
29.5,13
29.75,13
30,13
0,13.25
0.25,13.25
0.5,13.25
0.75,13.25
1,13.25
1.25,13.25
1.5,13.25
1.75,13.25
2,13.25
2.25,13.25
2.5,13.25
2.75,13.25
3,13.25
3.25,13.25
3.5,13.25
3.75,13.25
4,13.25
4.25,13.25
4.5,13.25
4.75,13.25
5,13.25
5.25,13.25
5.5,13.25
5.75,13.25
6,13.25
6.25,13.25
6.5,13.25
6.75,13.25
7,13.25
7.25,13.25
7.5,13.25
7.75,13.25
8,13.25
8.25,13.25
8.5,13.25
8.75,13.25
9,13.25
9.25,13.25
9.5,13.25
9.75,13.25
10,13.25
20,13.25
20.25,13.25
20.5,13.25
20.75,13.25
21,13.25
21.25,13.25
21.5,13.25
21.75,13.25
22,13.25
22.25,13.25
22.5,13.25
22.75,13.25
23,13.25
23.25,13.25
23.5,13.25
23.75,13.25
24,13.25
24.25,13.25
24.5,13.25
24.75,13.25
25,13.25
25.25,13.25
25.5,13.25
25.75,13.25
26,13.25
26.25,13.25
26.5,13.25
26.75,13.25
27,13.25
27.25,13.25
27.5,13.25
27.75,13.25
28,13.25
28.25,13.25
28.5,13.25
28.75,13.25
29,13.25
29.25,13.25
29.5,13.25
29.75,13.25
30,13.25
0,13.5
0.25,13.5
0.5,13.5
0.75,13.5
1,13.5
1.25,13.5
1.5,13.5
1.75,13.5
2,13.5
2.25,13.5
2.5,13.5
2.75,13.5
3,13.5
3.25,13.5
3.5,13.5
3.75,13.5
4,13.5
4.25,13.5
4.5,13.5
4.75,13.5
5,13.5
5.25,13.5
5.5,13.5
5.75,13.5
6,13.5
6.25,13.5
6.5,13.5
6.75,13.5
7,13.5
7.25,13.5
7.5,13.5
7.75,13.5
8,13.5
8.25,13.5
8.5,13.5
8.75,13.5
9,13.5
9.25,13.5
9.5,13.5
9.75,13.5
10,13.5
20,13.5
20.25,13.5
20.5,13.5
20.75,13.5
21,13.5
21.25,13.5
21.5,13.5
21.75,13.5
22,13.5
22.25,13.5
22.5,13.5
22.75,13.5
23,13.5
23.25,13.5
23.5,13.5
23.75,13.5
24,13.5
24.25,13.5
24.5,13.5
24.75,13.5
25,13.5
25.25,13.5
25.5,13.5
25.75,13.5
26,13.5
26.25,13.5
26.5,13.5
26.75,13.5
27,13.5
27.25,13.5
27.5,13.5
27.75,13.5
28,13.5
28.25,13.5
28.5,13.5
28.75,13.5
29,13.5
29.25,13.5
29.5,13.5
29.75,13.5
30,13.5
0,13.75
0.25,13.75
0.5,13.75
0.75,13.75
1,13.75
1.25,13.75
1.5,13.75
1.75,13.75
2,13.75
2.25,13.75
2.5,13.75
2.75,13.75
3,13.75
3.25,13.75
3.5,13.75
3.75,13.75
4,13.75
4.25,13.75
4.5,13.75
4.75,13.75
5,13.75
5.25,13.75
5.5,13.75
5.75,13.75
6,13.75
6.25,13.75
6.5,13.75
6.75,13.75
7,13.75
7.25,13.75
7.5,13.75
7.75,13.75
8,13.75
8.25,13.75
8.5,13.75
8.75,13.75
9,13.75
9.25,13.75
9.5,13.75
9.75,13.75
10,13.75
20,13.75
20.25,13.75
20.5,13.75
20.75,13.75
21,13.75
21.25,13.75
21.5,13.75
21.75,13.75
22,13.75
22.25,13.75
22.5,13.75
22.75,13.75
23,13.75
23.25,13.75
23.5,13.75
23.75,13.75
24,13.75
24.25,13.75
24.5,13.75
24.75,13.75
25,13.75
25.25,13.75
25.5,13.75
25.75,13.75
26,13.75
26.25,13.75
26.5,13.75
26.75,13.75
27,13.75
27.25,13.75
27.5,13.75
27.75,13.75
28,13.75
28.25,13.75
28.5,13.75
28.75,13.75
29,13.75
29.25,13.75
29.5,13.75
29.75,13.75
30,13.75
0,14
0.25,14
0.5,14
0.75,14
1,14
1.25,14
1.5,14
1.75,14
2,14
2.25,14
2.5,14
2.75,14
3,14
3.25,14
3.5,14
3.75,14
4,14
4.25,14
4.5,14
4.75,14
5,14
5.25,14
5.5,14
5.75,14
6,14
6.25,14
6.5,14
6.75,14
7,14
7.25,14
7.5,14
7.75,14
8,14
8.25,14
8.5,14
8.75,14
9,14
9.25,14
9.5,14
9.75,14
10,14
20,14
20.25,14
20.5,14
20.75,14
21,14
21.25,14
21.5,14
21.75,14
22,14
22.25,14
22.5,14
22.75,14
23,14
23.25,14
23.5,14
23.75,14
24,14
24.25,14
24.5,14
24.75,14
25,14
25.25,14
25.5,14
25.75,14
26,14
26.25,14
26.5,14
26.75,14
27,14
27.25,14
27.5,14
27.75,14
28,14
28.25,14
28.5,14
28.75,14
29,14
29.25,14
29.5,14
29.75,14
30,14
0,14.25
0.25,14.25
0.5,14.25
0.75,14.25
1,14.25
1.25,14.25
1.5,14.25
1.75,14.25
2,14.25
2.25,14.25
2.5,14.25
2.75,14.25
3,14.25
3.25,14.25
3.5,14.25
3.75,14.25
4,14.25
4.25,14.25
4.5,14.25
4.75,14.25
5,14.25
5.25,14.25
5.5,14.25
5.75,14.25
6,14.25
6.25,14.25
6.5,14.25
6.75,14.25
7,14.25
7.25,14.25
7.5,14.25
7.75,14.25
8,14.25
8.25,14.25
8.5,14.25
8.75,14.25
9,14.25
9.25,14.25
9.5,14.25
9.75,14.25
10,14.25
20,14.25
20.25,14.25
20.5,14.25
20.75,14.25
21,14.25
21.25,14.25
21.5,14.25
21.75,14.25
22,14.25
22.25,14.25
22.5,14.25
22.75,14.25
23,14.25
23.25,14.25
23.5,14.25
23.75,14.25
24,14.25
24.25,14.25
24.5,14.25
24.75,14.25
25,14.25
25.25,14.25
25.5,14.25
25.75,14.25
26,14.25
26.25,14.25
26.5,14.25
26.75,14.25
27,14.25
27.25,14.25
27.5,14.25
27.75,14.25
28,14.25
28.25,14.25
28.5,14.25
28.75,14.25
29,14.25
29.25,14.25
29.5,14.25
29.75,14.25
30,14.25
0,14.5
0.25,14.5
0.5,14.5
0.75,14.5
1,14.5
1.25,14.5
1.5,14.5
1.75,14.5
2,14.5
2.25,14.5
2.5,14.5
2.75,14.5
3,14.5
3.25,14.5
3.5,14.5
3.75,14.5
4,14.5
4.25,14.5
4.5,14.5
4.75,14.5
5,14.5
5.25,14.5
5.5,14.5
5.75,14.5
6,14.5
6.25,14.5
6.5,14.5
6.75,14.5
7,14.5
7.25,14.5
7.5,14.5
7.75,14.5
8,14.5
8.25,14.5
8.5,14.5
8.75,14.5
9,14.5
9.25,14.5
9.5,14.5
9.75,14.5
10,14.5
20,14.5
20.25,14.5
20.5,14.5
20.75,14.5
21,14.5
21.25,14.5
21.5,14.5
21.75,14.5
22,14.5
22.25,14.5
22.5,14.5
22.75,14.5
23,14.5
23.25,14.5
23.5,14.5
23.75,14.5
24,14.5
24.25,14.5
24.5,14.5
24.75,14.5
25,14.5
25.25,14.5
25.5,14.5
25.75,14.5
26,14.5
26.25,14.5
26.5,14.5
26.75,14.5
27,14.5
27.25,14.5
27.5,14.5
27.75,14.5
28,14.5
28.25,14.5
28.5,14.5
28.75,14.5
29,14.5
29.25,14.5
29.5,14.5
29.75,14.5
30,14.5
0,14.75
0.25,14.75
0.5,14.75
0.75,14.75
1,14.75
1.25,14.75
1.5,14.75
1.75,14.75
2,14.75
2.25,14.75
2.5,14.75
2.75,14.75
3,14.75
3.25,14.75
3.5,14.75
3.75,14.75
4,14.75
4.25,14.75
4.5,14.75
4.75,14.75
5,14.75
5.25,14.75
5.5,14.75
5.75,14.75
6,14.75
6.25,14.75
6.5,14.75
6.75,14.75
7,14.75
7.25,14.75
7.5,14.75
7.75,14.75
8,14.75
8.25,14.75
8.5,14.75
8.75,14.75
9,14.75
9.25,14.75
9.5,14.75
9.75,14.75
10,14.75
20,14.75
20.25,14.75
20.5,14.75
20.75,14.75
21,14.75
21.25,14.75
21.5,14.75
21.75,14.75
22,14.75
22.25,14.75
22.5,14.75
22.75,14.75
23,14.75
23.25,14.75
23.5,14.75
23.75,14.75
24,14.75
24.25,14.75
24.5,14.75
24.75,14.75
25,14.75
25.25,14.75
25.5,14.75
25.75,14.75
26,14.75
26.25,14.75
26.5,14.75
26.75,14.75
27,14.75
27.25,14.75
27.5,14.75
27.75,14.75
28,14.75
28.25,14.75
28.5,14.75
28.75,14.75
29,14.75
29.25,14.75
29.5,14.75
29.75,14.75
30,14.75
0,15
0.25,15
0.5,15
0.75,15
1,15
1.25,15
1.5,15
1.75,15
2,15
2.25,15
2.5,15
2.75,15
3,15
3.25,15
3.5,15
3.75,15
4,15
4.25,15
4.5,15
4.75,15
5,15
5.25,15
5.5,15
5.75,15
6,15
6.25,15
6.5,15
6.75,15
7,15
7.25,15
7.5,15
7.75,15
8,15
8.25,15
8.5,15
8.75,15
9,15
9.25,15
9.5,15
9.75,15
10,15
20,15
20.25,15
20.5,15
20.75,15
21,15
21.25,15
21.5,15
21.75,15
22,15
22.25,15
22.5,15
22.75,15
23,15
23.25,15
23.5,15
23.75,15
24,15
24.25,15
24.5,15
24.75,15
25,15
25.25,15
25.5,15
25.75,15
26,15
26.25,15
26.5,15
26.75,15
27,15
27.25,15
27.5,15
27.75,15
28,15
28.25,15
28.5,15
28.75,15
29,15
29.25,15
29.5,15
29.75,15
30,15
0,15.25
0.25,15.25
0.5,15.25
0.75,15.25
1,15.25
1.25,15.25
1.5,15.25
1.75,15.25
2,15.25
2.25,15.25
2.5,15.25
2.75,15.25
3,15.25
3.25,15.25
3.5,15.25
3.75,15.25
4,15.25
4.25,15.25
4.5,15.25
4.75,15.25
5,15.25
5.25,15.25
5.5,15.25
5.75,15.25
6,15.25
6.25,15.25
6.5,15.25
6.75,15.25
7,15.25
7.25,15.25
7.5,15.25
7.75,15.25
8,15.25
8.25,15.25
8.5,15.25
8.75,15.25
9,15.25
9.25,15.25
9.5,15.25
9.75,15.25
10,15.25
20,15.25
20.25,15.25
20.5,15.25
20.75,15.25
21,15.25
21.25,15.25
21.5,15.25
21.75,15.25
22,15.25
22.25,15.25
22.5,15.25
22.75,15.25
23,15.25
23.25,15.25
23.5,15.25
23.75,15.25
24,15.25
24.25,15.25
24.5,15.25
24.75,15.25
25,15.25
25.25,15.25
25.5,15.25
25.75,15.25
26,15.25
26.25,15.25
26.5,15.25
26.75,15.25
27,15.25
27.25,15.25
27.5,15.25
27.75,15.25
28,15.25
28.25,15.25
28.5,15.25
28.75,15.25
29,15.25
29.25,15.25
29.5,15.25
29.75,15.25
30,15.25
0,15.5
0.25,15.5
0.5,15.5
0.75,15.5
1,15.5
1.25,15.5
1.5,15.5
1.75,15.5
2,15.5
2.25,15.5
2.5,15.5
2.75,15.5
3,15.5
3.25,15.5
3.5,15.5
3.75,15.5
4,15.5
4.25,15.5
4.5,15.5
4.75,15.5
5,15.5
5.25,15.5
5.5,15.5
5.75,15.5
6,15.5
6.25,15.5
6.5,15.5
6.75,15.5
7,15.5
7.25,15.5
7.5,15.5
7.75,15.5
8,15.5
8.25,15.5
8.5,15.5
8.75,15.5
9,15.5
9.25,15.5
9.5,15.5
9.75,15.5
10,15.5
20,15.5
20.25,15.5
20.5,15.5
20.75,15.5
21,15.5
21.25,15.5
21.5,15.5
21.75,15.5
22,15.5
22.25,15.5
22.5,15.5
22.75,15.5
23,15.5
23.25,15.5
23.5,15.5
23.75,15.5
24,15.5
24.25,15.5
24.5,15.5
24.75,15.5
25,15.5
25.25,15.5
25.5,15.5
25.75,15.5
26,15.5
26.25,15.5
26.5,15.5
26.75,15.5
27,15.5
27.25,15.5
27.5,15.5
27.75,15.5
28,15.5
28.25,15.5
28.5,15.5
28.75,15.5
29,15.5
29.25,15.5
29.5,15.5
29.75,15.5
30,15.5
0,15.75
0.25,15.75
0.5,15.75
0.75,15.75
1,15.75
1.25,15.75
1.5,15.75
1.75,15.75
2,15.75
2.25,15.75
2.5,15.75
2.75,15.75
3,15.75
3.25,15.75
3.5,15.75
3.75,15.75
4,15.75
4.25,15.75
4.5,15.75
4.75,15.75
5,15.75
5.25,15.75
5.5,15.75
5.75,15.75
6,15.75
6.25,15.75
6.5,15.75
6.75,15.75
7,15.75
7.25,15.75
7.5,15.75
7.75,15.75
8,15.75
8.25,15.75
8.5,15.75
8.75,15.75
9,15.75
9.25,15.75
9.5,15.75
9.75,15.75
10,15.75
20,15.75
20.25,15.75
20.5,15.75
20.75,15.75
21,15.75
21.25,15.75
21.5,15.75
21.75,15.75
22,15.75
22.25,15.75
22.5,15.75
22.75,15.75
23,15.75
23.25,15.75
23.5,15.75
23.75,15.75
24,15.75
24.25,15.75
24.5,15.75
24.75,15.75
25,15.75
25.25,15.75
25.5,15.75
25.75,15.75
26,15.75
26.25,15.75
26.5,15.75
26.75,15.75
27,15.75
27.25,15.75
27.5,15.75
27.75,15.75
28,15.75
28.25,15.75
28.5,15.75
28.75,15.75
29,15.75
29.25,15.75
29.5,15.75
29.75,15.75
30,15.75
0,16
0.25,16
0.5,16
0.75,16
1,16
1.25,16
1.5,16
1.75,16
2,16
2.25,16
2.5,16
2.75,16
3,16
3.25,16
3.5,16
3.75,16
4,16
4.25,16
4.5,16
4.75,16
5,16
5.25,16
5.5,16
5.75,16
6,16
6.25,16
6.5,16
6.75,16
7,16
7.25,16
7.5,16
7.75,16
8,16
8.25,16
8.5,16
8.75,16
9,16
9.25,16
9.5,16
9.75,16
10,16
20,16
20.25,16
20.5,16
20.75,16
21,16
21.25,16
21.5,16
21.75,16
22,16
22.25,16
22.5,16
22.75,16
23,16
23.25,16
23.5,16
23.75,16
24,16
24.25,16
24.5,16
24.75,16
25,16
25.25,16
25.5,16
25.75,16
26,16
26.25,16
26.5,16
26.75,16
27,16
27.25,16
27.5,16
27.75,16
28,16
28.25,16
28.5,16
28.75,16
29,16
29.25,16
29.5,16
29.75,16
30,16
0,16.25
0.25,16.25
0.5,16.25
0.75,16.25
1,16.25
1.25,16.25
1.5,16.25
1.75,16.25
2,16.25
2.25,16.25
2.5,16.25
2.75,16.25
3,16.25
3.25,16.25
3.5,16.25
3.75,16.25
4,16.25
4.25,16.25
4.5,16.25
4.75,16.25
5,16.25
5.25,16.25
5.5,16.25
5.75,16.25
6,16.25
6.25,16.25
6.5,16.25
6.75,16.25
7,16.25
7.25,16.25
7.5,16.25
7.75,16.25
8,16.25
8.25,16.25
8.5,16.25
8.75,16.25
9,16.25
9.25,16.25
9.5,16.25
9.75,16.25
10,16.25
20,16.25
20.25,16.25
20.5,16.25
20.75,16.25
21,16.25
21.25,16.25
21.5,16.25
21.75,16.25
22,16.25
22.25,16.25
22.5,16.25
22.75,16.25
23,16.25
23.25,16.25
23.5,16.25
23.75,16.25
24,16.25
24.25,16.25
24.5,16.25
24.75,16.25
25,16.25
25.25,16.25
25.5,16.25
25.75,16.25
26,16.25
26.25,16.25
26.5,16.25
26.75,16.25
27,16.25
27.25,16.25
27.5,16.25
27.75,16.25
28,16.25
28.25,16.25
28.5,16.25
28.75,16.25
29,16.25
29.25,16.25
29.5,16.25
29.75,16.25
30,16.25
0,16.5
0.25,16.5
0.5,16.5
0.75,16.5
1,16.5
1.25,16.5
1.5,16.5
1.75,16.5
2,16.5
2.25,16.5
2.5,16.5
2.75,16.5
3,16.5
3.25,16.5
3.5,16.5
3.75,16.5
4,16.5
4.25,16.5
4.5,16.5
4.75,16.5
5,16.5
5.25,16.5
5.5,16.5
5.75,16.5
6,16.5
6.25,16.5
6.5,16.5
6.75,16.5
7,16.5
7.25,16.5
7.5,16.5
7.75,16.5
8,16.5
8.25,16.5
8.5,16.5
8.75,16.5
9,16.5
9.25,16.5
9.5,16.5
9.75,16.5
10,16.5
20,16.5
20.25,16.5
20.5,16.5
20.75,16.5
21,16.5
21.25,16.5
21.5,16.5
21.75,16.5
22,16.5
22.25,16.5
22.5,16.5
22.75,16.5
23,16.5
23.25,16.5
23.5,16.5
23.75,16.5
24,16.5
24.25,16.5
24.5,16.5
24.75,16.5
25,16.5
25.25,16.5
25.5,16.5
25.75,16.5
26,16.5
26.25,16.5
26.5,16.5
26.75,16.5
27,16.5
27.25,16.5
27.5,16.5
27.75,16.5
28,16.5
28.25,16.5
28.5,16.5
28.75,16.5
29,16.5
29.25,16.5
29.5,16.5
29.75,16.5
30,16.5
0,16.75
0.25,16.75
0.5,16.75
0.75,16.75
1,16.75
1.25,16.75
1.5,16.75
1.75,16.75
2,16.75
2.25,16.75
2.5,16.75
2.75,16.75
3,16.75
3.25,16.75
3.5,16.75
3.75,16.75
4,16.75
4.25,16.75
4.5,16.75
4.75,16.75
5,16.75
5.25,16.75
5.5,16.75
5.75,16.75
6,16.75
6.25,16.75
6.5,16.75
6.75,16.75
7,16.75
7.25,16.75
7.5,16.75
7.75,16.75
8,16.75
8.25,16.75
8.5,16.75
8.75,16.75
9,16.75
9.25,16.75
9.5,16.75
9.75,16.75
10,16.75
20,16.75
20.25,16.75
20.5,16.75
20.75,16.75
21,16.75
21.25,16.75
21.5,16.75
21.75,16.75
22,16.75
22.25,16.75
22.5,16.75
22.75,16.75
23,16.75
23.25,16.75
23.5,16.75
23.75,16.75
24,16.75
24.25,16.75
24.5,16.75
24.75,16.75
25,16.75
25.25,16.75
25.5,16.75
25.75,16.75
26,16.75
26.25,16.75
26.5,16.75
26.75,16.75
27,16.75
27.25,16.75
27.5,16.75
27.75,16.75
28,16.75
28.25,16.75
28.5,16.75
28.75,16.75
29,16.75
29.25,16.75
29.5,16.75
29.75,16.75
30,16.75
0,17
0.25,17
0.5,17
0.75,17
1,17
1.25,17
1.5,17
1.75,17
2,17
2.25,17
2.5,17
2.75,17
3,17
3.25,17
3.5,17
3.75,17
4,17
4.25,17
4.5,17
4.75,17
5,17
5.25,17
5.5,17
5.75,17
6,17
6.25,17
6.5,17
6.75,17
7,17
7.25,17
7.5,17
7.75,17
8,17
8.25,17
8.5,17
8.75,17
9,17
9.25,17
9.5,17
9.75,17
10,17
20,17
20.25,17
20.5,17
20.75,17
21,17
21.25,17
21.5,17
21.75,17
22,17
22.25,17
22.5,17
22.75,17
23,17
23.25,17
23.5,17
23.75,17
24,17
24.25,17
24.5,17
24.75,17
25,17
25.25,17
25.5,17
25.75,17
26,17
26.25,17
26.5,17
26.75,17
27,17
27.25,17
27.5,17
27.75,17
28,17
28.25,17
28.5,17
28.75,17
29,17
29.25,17
29.5,17
29.75,17
30,17
0,17.25
0.25,17.25
0.5,17.25
0.75,17.25
1,17.25
1.25,17.25
1.5,17.25
1.75,17.25
2,17.25
2.25,17.25
2.5,17.25
2.75,17.25
3,17.25
3.25,17.25
3.5,17.25
3.75,17.25
4,17.25
4.25,17.25
4.5,17.25
4.75,17.25
5,17.25
5.25,17.25
5.5,17.25
5.75,17.25
6,17.25
6.25,17.25
6.5,17.25
6.75,17.25
7,17.25
7.25,17.25
7.5,17.25
7.75,17.25
8,17.25
8.25,17.25
8.5,17.25
8.75,17.25
9,17.25
9.25,17.25
9.5,17.25
9.75,17.25
10,17.25
20,17.25
20.25,17.25
20.5,17.25
20.75,17.25
21,17.25
21.25,17.25
21.5,17.25
21.75,17.25
22,17.25
22.25,17.25
22.5,17.25
22.75,17.25
23,17.25
23.25,17.25
23.5,17.25
23.75,17.25
24,17.25
24.25,17.25
24.5,17.25
24.75,17.25
25,17.25
25.25,17.25
25.5,17.25
25.75,17.25
26,17.25
26.25,17.25
26.5,17.25
26.75,17.25
27,17.25
27.25,17.25
27.5,17.25
27.75,17.25
28,17.25
28.25,17.25
28.5,17.25
28.75,17.25
29,17.25
29.25,17.25
29.5,17.25
29.75,17.25
30,17.25
0,17.5
0.25,17.5
0.5,17.5
0.75,17.5
1,17.5
1.25,17.5
1.5,17.5
1.75,17.5
2,17.5
2.25,17.5
2.5,17.5
2.75,17.5
3,17.5
3.25,17.5
3.5,17.5
3.75,17.5
4,17.5
4.25,17.5
4.5,17.5
4.75,17.5
5,17.5
5.25,17.5
5.5,17.5
5.75,17.5
6,17.5
6.25,17.5
6.5,17.5
6.75,17.5
7,17.5
7.25,17.5
7.5,17.5
7.75,17.5
8,17.5
8.25,17.5
8.5,17.5
8.75,17.5
9,17.5
9.25,17.5
9.5,17.5
9.75,17.5
10,17.5
20,17.5
20.25,17.5
20.5,17.5
20.75,17.5
21,17.5
21.25,17.5
21.5,17.5
21.75,17.5
22,17.5
22.25,17.5
22.5,17.5
22.75,17.5
23,17.5
23.25,17.5
23.5,17.5
23.75,17.5
24,17.5
24.25,17.5
24.5,17.5
24.75,17.5
25,17.5
25.25,17.5
25.5,17.5
25.75,17.5
26,17.5
26.25,17.5
26.5,17.5
26.75,17.5
27,17.5
27.25,17.5
27.5,17.5
27.75,17.5
28,17.5
28.25,17.5
28.5,17.5
28.75,17.5
29,17.5
29.25,17.5
29.5,17.5
29.75,17.5
30,17.5
0,17.75
0.25,17.75
0.5,17.75
0.75,17.75
1,17.75
1.25,17.75
1.5,17.75
1.75,17.75
2,17.75
2.25,17.75
2.5,17.75
2.75,17.75
3,17.75
3.25,17.75
3.5,17.75
3.75,17.75
4,17.75
4.25,17.75
4.5,17.75
4.75,17.75
5,17.75
5.25,17.75
5.5,17.75
5.75,17.75
6,17.75
6.25,17.75
6.5,17.75
6.75,17.75
7,17.75
7.25,17.75
7.5,17.75
7.75,17.75
8,17.75
8.25,17.75
8.5,17.75
8.75,17.75
9,17.75
9.25,17.75
9.5,17.75
9.75,17.75
10,17.75
20,17.75
20.25,17.75
20.5,17.75
20.75,17.75
21,17.75
21.25,17.75
21.5,17.75
21.75,17.75
22,17.75
22.25,17.75
22.5,17.75
22.75,17.75
23,17.75
23.25,17.75
23.5,17.75
23.75,17.75
24,17.75
24.25,17.75
24.5,17.75
24.75,17.75
25,17.75
25.25,17.75
25.5,17.75
25.75,17.75
26,17.75
26.25,17.75
26.5,17.75
26.75,17.75
27,17.75
27.25,17.75
27.5,17.75
27.75,17.75
28,17.75
28.25,17.75
28.5,17.75
28.75,17.75
29,17.75
29.25,17.75
29.5,17.75
29.75,17.75
30,17.75
0,18
0.25,18
0.5,18
0.75,18
1,18
1.25,18
1.5,18
1.75,18
2,18
2.25,18
2.5,18
2.75,18
3,18
3.25,18
3.5,18
3.75,18
4,18
4.25,18
4.5,18
4.75,18
5,18
5.25,18
5.5,18
5.75,18
6,18
6.25,18
6.5,18
6.75,18
7,18
7.25,18
7.5,18
7.75,18
8,18
8.25,18
8.5,18
8.75,18
9,18
9.25,18
9.5,18
9.75,18
10,18
20,18
20.25,18
20.5,18
20.75,18
21,18
21.25,18
21.5,18
21.75,18
22,18
22.25,18
22.5,18
22.75,18
23,18
23.25,18
23.5,18
23.75,18
24,18
24.25,18
24.5,18
24.75,18
25,18
25.25,18
25.5,18
25.75,18
26,18
26.25,18
26.5,18
26.75,18
27,18
27.25,18
27.5,18
27.75,18
28,18
28.25,18
28.5,18
28.75,18
29,18
29.25,18
29.5,18
29.75,18
30,18
0,18.25
0.25,18.25
0.5,18.25
0.75,18.25
1,18.25
1.25,18.25
1.5,18.25
1.75,18.25
2,18.25
2.25,18.25
2.5,18.25
2.75,18.25
3,18.25
3.25,18.25
3.5,18.25
3.75,18.25
4,18.25
4.25,18.25
4.5,18.25
4.75,18.25
5,18.25
5.25,18.25
5.5,18.25
5.75,18.25
6,18.25
6.25,18.25
6.5,18.25
6.75,18.25
7,18.25
7.25,18.25
7.5,18.25
7.75,18.25
8,18.25
8.25,18.25
8.5,18.25
8.75,18.25
9,18.25
9.25,18.25
9.5,18.25
9.75,18.25
10,18.25
20,18.25
20.25,18.25
20.5,18.25
20.75,18.25
21,18.25
21.25,18.25
21.5,18.25
21.75,18.25
22,18.25
22.25,18.25
22.5,18.25
22.75,18.25
23,18.25
23.25,18.25
23.5,18.25
23.75,18.25
24,18.25
24.25,18.25
24.5,18.25
24.75,18.25
25,18.25
25.25,18.25
25.5,18.25
25.75,18.25
26,18.25
26.25,18.25
26.5,18.25
26.75,18.25
27,18.25
27.25,18.25
27.5,18.25
27.75,18.25
28,18.25
28.25,18.25
28.5,18.25
28.75,18.25
29,18.25
29.25,18.25
29.5,18.25
29.75,18.25
30,18.25
0,18.5
0.25,18.5
0.5,18.5
0.75,18.5
1,18.5
1.25,18.5
1.5,18.5
1.75,18.5
2,18.5
2.25,18.5
2.5,18.5
2.75,18.5
3,18.5
3.25,18.5
3.5,18.5
3.75,18.5
4,18.5
4.25,18.5
4.5,18.5
4.75,18.5
5,18.5
5.25,18.5
5.5,18.5
5.75,18.5
6,18.5
6.25,18.5
6.5,18.5
6.75,18.5
7,18.5
7.25,18.5
7.5,18.5
7.75,18.5
8,18.5
8.25,18.5
8.5,18.5
8.75,18.5
9,18.5
9.25,18.5
9.5,18.5
9.75,18.5
10,18.5
20,18.5
20.25,18.5
20.5,18.5
20.75,18.5
21,18.5
21.25,18.5
21.5,18.5
21.75,18.5
22,18.5
22.25,18.5
22.5,18.5
22.75,18.5
23,18.5
23.25,18.5
23.5,18.5
23.75,18.5
24,18.5
24.25,18.5
24.5,18.5
24.75,18.5
25,18.5
25.25,18.5
25.5,18.5
25.75,18.5
26,18.5
26.25,18.5
26.5,18.5
26.75,18.5
27,18.5
27.25,18.5
27.5,18.5
27.75,18.5
28,18.5
28.25,18.5
28.5,18.5
28.75,18.5
29,18.5
29.25,18.5
29.5,18.5
29.75,18.5
30,18.5
0,18.75
0.25,18.75
0.5,18.75
0.75,18.75
1,18.75
1.25,18.75
1.5,18.75
1.75,18.75
2,18.75
2.25,18.75
2.5,18.75
2.75,18.75
3,18.75
3.25,18.75
3.5,18.75
3.75,18.75
4,18.75
4.25,18.75
4.5,18.75
4.75,18.75
5,18.75
5.25,18.75
5.5,18.75
5.75,18.75
6,18.75
6.25,18.75
6.5,18.75
6.75,18.75
7,18.75
7.25,18.75
7.5,18.75
7.75,18.75
8,18.75
8.25,18.75
8.5,18.75
8.75,18.75
9,18.75
9.25,18.75
9.5,18.75
9.75,18.75
10,18.75
20,18.75
20.25,18.75
20.5,18.75
20.75,18.75
21,18.75
21.25,18.75
21.5,18.75
21.75,18.75
22,18.75
22.25,18.75
22.5,18.75
22.75,18.75
23,18.75
23.25,18.75
23.5,18.75
23.75,18.75
24,18.75
24.25,18.75
24.5,18.75
24.75,18.75
25,18.75
25.25,18.75
25.5,18.75
25.75,18.75
26,18.75
26.25,18.75
26.5,18.75
26.75,18.75
27,18.75
27.25,18.75
27.5,18.75
27.75,18.75
28,18.75
28.25,18.75
28.5,18.75
28.75,18.75
29,18.75
29.25,18.75
29.5,18.75
29.75,18.75
30,18.75
0,19
0.25,19
0.5,19
0.75,19
1,19
1.25,19
1.5,19
1.75,19
2,19
2.25,19
2.5,19
2.75,19
3,19
3.25,19
3.5,19
3.75,19
4,19
4.25,19
4.5,19
4.75,19
5,19
5.25,19
5.5,19
5.75,19
6,19
6.25,19
6.5,19
6.75,19
7,19
7.25,19
7.5,19
7.75,19
8,19
8.25,19
8.5,19
8.75,19
9,19
9.25,19
9.5,19
9.75,19
10,19
20,19
20.25,19
20.5,19
20.75,19
21,19
21.25,19
21.5,19
21.75,19
22,19
22.25,19
22.5,19
22.75,19
23,19
23.25,19
23.5,19
23.75,19
24,19
24.25,19
24.5,19
24.75,19
25,19
25.25,19
25.5,19
25.75,19
26,19
26.25,19
26.5,19
26.75,19
27,19
27.25,19
27.5,19
27.75,19
28,19
28.25,19
28.5,19
28.75,19
29,19
29.25,19
29.5,19
29.75,19
30,19
0,19.25
0.25,19.25
0.5,19.25
0.75,19.25
1,19.25
1.25,19.25
1.5,19.25
1.75,19.25
2,19.25
2.25,19.25
2.5,19.25
2.75,19.25
3,19.25
3.25,19.25
3.5,19.25
3.75,19.25
4,19.25
4.25,19.25
4.5,19.25
4.75,19.25
5,19.25
5.25,19.25
5.5,19.25
5.75,19.25
6,19.25
6.25,19.25
6.5,19.25
6.75,19.25
7,19.25
7.25,19.25
7.5,19.25
7.75,19.25
8,19.25
8.25,19.25
8.5,19.25
8.75,19.25
9,19.25
9.25,19.25
9.5,19.25
9.75,19.25
10,19.25
20,19.25
20.25,19.25
20.5,19.25
20.75,19.25
21,19.25
21.25,19.25
21.5,19.25
21.75,19.25
22,19.25
22.25,19.25
22.5,19.25
22.75,19.25
23,19.25
23.25,19.25
23.5,19.25
23.75,19.25
24,19.25
24.25,19.25
24.5,19.25
24.75,19.25
25,19.25
25.25,19.25
25.5,19.25
25.75,19.25
26,19.25
26.25,19.25
26.5,19.25
26.75,19.25
27,19.25
27.25,19.25
27.5,19.25
27.75,19.25
28,19.25
28.25,19.25
28.5,19.25
28.75,19.25
29,19.25
29.25,19.25
29.5,19.25
29.75,19.25
30,19.25
0,19.5
0.25,19.5
0.5,19.5
0.75,19.5
1,19.5
1.25,19.5
1.5,19.5
1.75,19.5
2,19.5
2.25,19.5
2.5,19.5
2.75,19.5
3,19.5
3.25,19.5
3.5,19.5
3.75,19.5
4,19.5
4.25,19.5
4.5,19.5
4.75,19.5
5,19.5
5.25,19.5
5.5,19.5
5.75,19.5
6,19.5
6.25,19.5
6.5,19.5
6.75,19.5
7,19.5
7.25,19.5
7.5,19.5
7.75,19.5
8,19.5
8.25,19.5
8.5,19.5
8.75,19.5
9,19.5
9.25,19.5
9.5,19.5
9.75,19.5
10,19.5
20,19.5
20.25,19.5
20.5,19.5
20.75,19.5
21,19.5
21.25,19.5
21.5,19.5
21.75,19.5
22,19.5
22.25,19.5
22.5,19.5
22.75,19.5
23,19.5
23.25,19.5
23.5,19.5
23.75,19.5
24,19.5
24.25,19.5
24.5,19.5
24.75,19.5
25,19.5
25.25,19.5
25.5,19.5
25.75,19.5
26,19.5
26.25,19.5
26.5,19.5
26.75,19.5
27,19.5
27.25,19.5
27.5,19.5
27.75,19.5
28,19.5
28.25,19.5
28.5,19.5
28.75,19.5
29,19.5
29.25,19.5
29.5,19.5
29.75,19.5
30,19.5
0,19.75
0.25,19.75
0.5,19.75
0.75,19.75
1,19.75
1.25,19.75
1.5,19.75
1.75,19.75
2,19.75
2.25,19.75
2.5,19.75
2.75,19.75
3,19.75
3.25,19.75
3.5,19.75
3.75,19.75
4,19.75
4.25,19.75
4.5,19.75
4.75,19.75
5,19.75
5.25,19.75
5.5,19.75
5.75,19.75
6,19.75
6.25,19.75
6.5,19.75
6.75,19.75
7,19.75
7.25,19.75
7.5,19.75
7.75,19.75
8,19.75
8.25,19.75
8.5,19.75
8.75,19.75
9,19.75
9.25,19.75
9.5,19.75
9.75,19.75
10,19.75
20,19.75
20.25,19.75
20.5,19.75
20.75,19.75
21,19.75
21.25,19.75
21.5,19.75
21.75,19.75
22,19.75
22.25,19.75
22.5,19.75
22.75,19.75
23,19.75
23.25,19.75
23.5,19.75
23.75,19.75
24,19.75
24.25,19.75
24.5,19.75
24.75,19.75
25,19.75
25.25,19.75
25.5,19.75
25.75,19.75
26,19.75
26.25,19.75
26.5,19.75
26.75,19.75
27,19.75
27.25,19.75
27.5,19.75
27.75,19.75
28,19.75
28.25,19.75
28.5,19.75
28.75,19.75
29,19.75
29.25,19.75
29.5,19.75
29.75,19.75
30,19.75
0.25,20
0.5,20
0.75,20
1,20
1.25,20
1.5,20
1.75,20
2,20
2.25,20
2.5,20
2.75,20
3,20
3.25,20
3.5,20
3.75,20
4,20
4.25,20
4.5,20
4.75,20
5,20
5.25,20
5.5,20
5.75,20
6,20
6.25,20
6.5,20
6.75,20
7,20
7.25,20
7.5,20
7.75,20
8,20
8.25,20
8.5,20
8.75,20
9,20
9.25,20
9.5,20
9.75,20
20.25,20
20.5,20
20.75,20
21,20
21.25,20
21.5,20
21.75,20
22,20
22.25,20
22.5,20
22.75,20
23,20
23.25,20
23.5,20
23.75,20
24,20
24.25,20
24.5,20
24.75,20
25,20
25.25,20
25.5,20
25.75,20
26,20
26.25,20
26.5,20
26.75,20
27,20
27.25,20
27.5,20
27.75,20
28,20
28.25,20
28.5,20
28.75,20
29,20
29.25,20
29.5,20
29.75,20
